_RAJ2000|_DEJ2000|S|CoNFIG|RAJ2000|DEJ2000|S1.4|alpha|mt|n_mt|u_mt|z
deg|deg| | |"h:m:s"|"d:m:s"|mJy| | | | |
-----------|-----------|-|---|-----------|-----------|--------|-----|--|-|-|-------
108.4089583|+43.8214444|1|  1|07 13 38.15|+43 49 17.2|  2011.4| 0.82|C*| | | 0.5180
108.6033333|+35.5777500|1|  2|07 14 24.80|+35 34 39.9|  1467.1| 0.41|C*| | | 1.6260
109.1712083|+53.3861944|1|  3|07 16 41.09|+53 23 10.3|  1501.4|-0.63|II| |p| 0.0643
113.9814167|+33.1193333|1|  4|07 35 55.54|+33 07 09.6|  2473.1|-0.56|C | | | 0.7010
115.2945833|+31.2001111|1|  5|07 41 10.70|+31 12 00.4|  2284.3| 0.38|C*| | | 0.6300
116.4255417|+31.7146111|1|  6|07 45 42.13|+31 42 52.6|  1357.8|-0.55|II| |c| 0.4608
117.4504167|+55.9058333|1|  7|07 49 48.10|+55 54 21.0|  1660.4|-0.44|II| |c| 0.0360
119.6191667|+37.7871667|1|  8|07 58 28.60|+37 47 13.8|  2717.9|-0.68|I | |c| 0.0408
119.9469167|+37.6472778|1|  9|07 59 47.26|+37 38 50.2|  1691.2|-0.84|II| |c|
120.3971667|+50.1619444|1| 10|08 01 35.32|+50 09 43.0|  1471.7|-1.02|II| |p| 0.4855
121.3804583|+24.1725833|1| 11|08 05 31.31|+24 10 21.3|  5330.6|-0.67|II| |c| 0.0600
122.5152917|+42.4677778|1| 12|08 10 03.67|+42 28 04.0|  2056.6|-0.78|II| |c| 1.1840
123.2478333|+32.7182222|1| 13|08 12 59.48|+32 43 05.6|  1522.5|-0.68|II| |c| 0.4306
123.4002917|+48.2171944|1| 14|08 13 36.07|+48 13 01.9| 15010.0|-0.75|II| |c| 0.8710
124.9481250|+52.5415278|1| 15|08 19 47.55|+52 32 29.5|  2104.2|-0.62|II| |c| 0.1890
125.3907083|+47.0432500|1| 16|08 21 33.77|+47 02 35.7|  1787.1|-0.75|II| |c| 0.1280
125.4334167|+17.8056944|1| 17|08 21 44.02|+17 48 20.5|  1875.1|-0.57|C | | | 0.2960
125.8530000|+22.3843611|1| 18|08 23 24.72|+22 23 03.7|  2272.4|-0.34|C*| | | 2.2103
126.1969583|+55.8785000|1| 19|08 24 47.27|+55 52 42.6|  1449.4|-0.25|C*| | | 1.4181
126.2309583|+39.2782778|1| 20|08 24 55.43|+39 16 41.8|  1480.8|-0.56|C*| | | 1.2160
126.8558333|+29.3124444|1| 21|08 27 25.40|+29 18 44.8|  2043.1|-0.92|II| |c| 0.4580
127.7916667|+37.7027500|1| 22|08 31 10.00|+37 42 09.9|  2259.6|-0.65|C | | | 0.9188
128.3283333|+51.0521667|1| 23|08 33 18.80|+51 03 07.8|  1313.5|-0.81|II| |c| 0.5621
128.7015417|+17.0128056|1| 24|08 34 48.37|+17 00 46.1|  1882.8|-0.72|II| |c| 0.6237
128.7287917|+55.5725000|1| 25|08 34 54.91|+55 34 21.0|  8283.1|-0.01|C | | | 0.2412
129.4729583|+44.8485000|1| 26|08 37 53.51|+44 50 54.6|  1528.9|-0.60|II| |c| 0.2072
129.7770833|+57.9037222|1| 27|08 39 06.50|+57 54 13.4|  2257.7|-0.86|II| |c| 1.5360
130.1987500|+13.2066389|1| 28|08 40 47.70|+13 12 23.9|  2613.0|-0.81|II| |c| 0.6804
130.8817917|+42.2582500|1| 29|08 43 31.63|+42 15 29.7|  1409.7|-0.41|C*| | | 0.8393
131.9742917|+53.8768889|1| 30|08 47 53.83|+53 52 36.8|  1542.3|-0.58|I | |p| 0.0453
131.9875000|+31.8112500|1| 31|08 47 57.00|+31 48 40.5|  1482.0|-0.52|II| |c| 0.0673
133.2867917|+13.8820278|1| 32|08 53 08.83|+13 52 55.3|  2364.3|-0.97|II| |c| 1.1115
133.6639583|+14.0978056|1| 33|08 54 39.35|+14 05 52.1|  2163.8|-0.71|II|c|p| 1.0200
133.7036250|+20.1085278|1| 34|08 54 48.87|+20 06 30.7|  1511.8| 0.21|C*| | | 0.4190
134.4193333|+34.0684444|1| 35|08 57 40.64|+34 04 06.4|  1798.4|-0.77|II| |c| 0.4789
134.5419583|+27.8474444|1| 36|08 58 10.07|+27 50 50.8|  1807.8|-0.83|II| |c| 1.1690
134.6729583|+14.1621667|1| 37|08 58 41.51|+14 09 43.8|  2370.8|-0.87|II| |c| 1.0430
135.2725000|+29.0293611|1| 38|09 01 05.40|+29 01 45.7|  2003.4|-0.58|II| |p| 0.1940
135.7668333|+46.8513056|1| 39|09 03 04.04|+46 51 04.7|  1754.9|-0.39|C*| | | 1.4710
136.6328333|+16.7702778|1| 40|09 06 31.88|+16 46 13.0|  1586.2|-0.95|II| |c| 0.4115
136.8955000|+41.5816111|1| 41|09 07 34.92|+41 34 53.8|  1394.5|-0.70|II| |c| 0.4783
137.2106667|+37.8056111|1| 42|09 08 50.56|+37 48 20.2|  2086.4|-0.95|II| |c| 0.8980
137.3897083|+42.8965000|1| 43|09 09 33.53|+42 53 47.4|  4233.8|-0.77|S*| | | 0.6700
138.0166667|+16.3082500|1| 44|09 12 04.00|+16 18 29.7|  1374.6|-0.77|II| |c| 0.9182
138.5201250|+17.2645556|1| 45|09 14 04.83|+17 15 52.4|  1527.3|-0.74|II| |c| 0.5395
140.2814167|+45.6460278|1| 46|09 21 07.54|+45 38 45.7|  8101.6|-0.79|II| |c| 0.1744
140.7080417|+53.0392222|1| 47|09 22 49.93|+53 02 21.2|  1597.8|-0.77|II| |c| 0.5974
141.7626667|+39.0390833|1| 48|09 27 03.04|+39 02 20.7|  2884.6|-0.29|C*| | | 0.6967
142.6393750|+36.0232222|1| 49|09 30 33.45|+36 01 23.6|  1875.1|-0.68|II| |c| 1.1570
144.9591667|+35.9314167|1| 50|09 39 50.20|+35 55 53.1|  3719.0|-0.65|II| |c| 0.1368
145.3484167|+39.7372500|1| 51|09 41 23.62|+39 44 14.1|  1976.8|-0.54|II| |c| 0.1075
145.5350000|+13.8645000|1| 52|09 42 08.40|+13 51 52.2|  1338.5|     |II| |c| 1.5650
145.5639583|+13.7637778|1| 53|09 42 15.35|+13 45 49.6|  3336.4|-1.01|II| |p| 0.5800
145.8030833| +2.7243056|1| 54|09 43 12.74|+02 43 27.5|  1331.5|-0.43|II| |c| 0.5920
146.0683333| +9.7720000|1| 55|09 44 16.40|+09 46 19.2|  2393.7|-0.93|II| |c| 0.8178
146.9469583| +7.4205000|1| 56|09 47 47.27|+07 25 13.8|  7617.0|-0.64|II| |c| 0.0865
147.2306667|+40.6624444|1| 57|09 48 55.36|+40 39 44.8|  1599.5|-0.25|C*| | | 1.2489
147.5448750|+14.3325833|1| 58|09 50 10.77|+14 19 57.3|  3711.6|-0.84|II| |c| 0.5520
147.9951250| -0.0241111|1| 59|09 51 58.83|-00 01 26.8|  3152.1|-0.94|II| |c| 1.4870
148.0021667|+24.3749167|1| 60|09 52 00.52|+24 22 29.7|  1788.6|-0.64|II| |c| 0.3206
148.0255833|+28.4758889|1| 61|09 52 06.14|+28 28 33.2|  1362.7|-0.47|C | | | 0.5554
149.4090833|+55.3826111|1| 62|09 57 38.18|+55 22 57.4|  3079.2|-0.36|C*| | | 3.3692
150.4447083|+28.7823611|1| 63|10 01 46.73|+28 46 56.5|  5597.0|-0.83|II| |c| 0.1849
151.5072500|+34.9028889|1| 64|10 06 01.74|+34 54 10.4|  3236.6|-0.61|II| |c| 0.0992
151.8288333|+44.4170556|1| 65|10 07 18.92|+44 25 01.4|  1413.7|-0.70|II| |c|
152.0001667| +7.5045000|1| 66|10 08 00.04|+07 30 16.2|  6522.1|-0.59|C | | | 0.8800
152.7515000| +6.4111667|1| 67|10 11 00.36|+06 24 40.2|  2964.2|-0.85|II| |c| 1.4050
152.9394167|+46.4722500|1| 68|10 11 45.46|+46 28 20.1|  1557.2|-1.05|II| |c| 1.7900
154.3089583|+39.0233333|1| 69|10 17 14.15|+39 01 24.0|  1392.2|-0.72|II| |c| 0.2060
155.2067083|+48.5345000|1| 70|10 20 49.61|+48 32 04.2|  1700.1|-0.32|II| |c| 0.0532
155.4774167|+21.9919167|1| 71|10 21 54.58|+21 59 30.9|  1686.2|-0.94|II| |c| 1.6170
155.9112917|+59.0804167|1| 72|10 23 38.71|+59 04 49.5|  1609.3|-0.81|II| |c| 0.2398
156.8123750|+46.0560833|1| 73|10 27 14.97|+46 03 21.9|  1437.4|-0.72|II| |c| 0.5367
158.3911250|+58.2438611|1| 74|10 33 33.87|+58 14 37.9|  4187.9|-0.78|II| |c| 0.4300
158.5744167|+50.2250556|1| 75|10 34 17.86|+50 13 30.2|  1545.2|-0.72|U | | | 0.4810
158.7793333|+56.4798056|1| 76|10 35 07.04|+56 28 47.3|  1801.9| 0.01|C*| | | 0.4597
160.3215000| +6.1712500|1| 77|10 41 17.16|+06 10 16.5|  1405.2|-0.10|C*| | | 1.2700
160.4125417| +2.7091667|1| 78|10 41 39.01|+02 42 33.0|  2710.1|-0.52|II| |c| 0.5350
160.6855833|+12.0588333|1| 79|10 42 44.54|+12 03 31.8|  3305.7|-0.73|S*| | | 1.0293
163.1085833|+20.4966667|1| 80|10 52 26.06|+20 29 48.0|  1727.5|-0.17|C | | | 0.3465
164.5727500|+19.8693056|1| 81|10 58 17.46|+19 52 09.5|  2143.0|-0.72|II|c|c| 1.1100
164.6234167| +1.5661667|1| 82|10 58 29.62|+01 33 58.2|  3220.2|-0.14|C*| | | 1.7847
164.7445417|+43.0232500|1| 83|10 58 58.69|+43 01 23.7|  2875.1|-0.84|II| |c| 0.7490
165.5162917| -1.2717500|1| 84|11 02 03.91|-01 16 18.3|  2799.6|-0.88|II| |c| 0.3110
167.0346250|+14.5932778|1| 85|11 08 08.31|+14 35 35.8|  1348.7|-0.42|C | | |
167.4418333|+10.7287222|1| 86|11 09 46.04|+10 43 43.4|  1481.3|-0.38|C | | |
167.4669167|+37.6455278|1| 87|11 09 52.06|+37 38 43.9|  2214.1|-0.61|II| |c| 0.3456
167.8815000|+35.6793056|1| 88|11 11 31.56|+35 40 45.5|  1336.3|-1.03|II| |c| 1.1050
168.1598333|+43.4408611|1| 89|11 12 38.36|+43 26 27.1|  1717.0|-0.64|II| |c| 1.6819
168.3838750| -2.2153333|1| 90|11 13 32.13|-02 12 55.2|  1595.6|-0.77|II| |c| 0.1251
168.6601250|+40.6224444|1| 91|11 14 38.43|+40 37 20.8|  3127.9|-0.92|II| |c| 0.7361
169.1445833|+29.2556944|1| 92|11 16 34.70|+29 15 20.5|  1927.9|-0.49|I | |c| 0.0487
169.8550833| -3.0476667|1| 93|11 19 25.22|-03 02 51.6|  1730.4|-1.00|U | | | 1.3550
170.1158750|+14.3484444|1| 94|11 20 27.81|+14 20 54.4|  2446.9|-0.16|C | | | 0.3620
170.1794583|+23.4653611|1| 95|11 20 43.07|+23 27 55.3|  1362.0|-0.94|U | | | 1.8190
170.7879167| +5.5056389|1| 96|11 23 09.10|+05 30 20.3|  1721.1|-0.85|U | | | 2.4740
171.5985417|+33.7575278|1| 97|11 26 23.65|+33 45 27.1|  1376.8|-0.34|C | | | 1.2300
172.9120833|+45.2476389|1| 98|11 31 38.90|+45 14 51.5|  2048.8|-0.65|II| |p| 0.4040
173.6602500|+43.4668056|1| 99|11 34 38.46|+43 28 00.5|  1567.1|-0.70|II| |c| 0.5724
173.9830417|+42.9791111|1|100|11 35 55.93|+42 58 44.8|  1448.8| 0.48|C | | |
174.3206250|+61.3440000|1|101|11 37 16.95|+61 20 38.4|  1314.0|-0.55|II| |c| 0.1110
175.1153750|+12.0521111|1|102|11 40 27.69|+12 03 07.6|  1527.0|-0.62|I | |c| 0.0812
175.2064167|+59.2072222|1|103|11 40 49.54|+59 12 26.0|  2179.4|-0.56|C | | | 0.8162
175.2842917| +1.2382500|1|104|11 41 08.23|+01 14 17.7|  2690.8|-0.60|II| |c| 0.4430
175.8543333|+22.1155556|1|105|11 43 25.04|+22 06 56.0|  3128.7|-0.91|II| |c| 0.3660
176.1435417|+37.1713611|1|106|11 44 34.45|+37 10 16.9|  2065.4|-0.56|II| |c| 0.1148
176.2717917|+19.6105000|1|107|11 45 05.23|+19 36 37.8|  5689.0|-0.76|I | |c| 0.0214
176.3792917|+31.5602778|1|108|11 45 31.03|+31 33 37.0|  2890.9|-0.94|II| |c| 0.8105
176.4308750|+49.7690000|1|109|11 45 43.41|+49 46 08.4|  1424.5|-1.02|II| |c| 1.2750
177.4814167|+12.7877500|1|110|11 49 55.54|+12 47 15.9|  2519.9|-0.86|II| |c| 1.1440
177.6828333| -0.3984167|1|111|11 50 43.88|-00 23 54.3|  2773.9|-0.16|C*| | | 1.9760
178.3521250|+49.5193056|1|112|11 53 24.51|+49 31 09.5|  1572.2|-0.62|S*| | | 0.3340
178.5542083|+29.2690278|1|113|11 54 13.01|+29 16 08.5|  1620.3|-0.71|II| |p| 0.3292
178.8609583|+54.9037778|1|114|11 55 26.63|+54 54 13.6|  2195.7|-0.26|II| |c| 0.0516
179.0152917|+58.7848333|1|115|11 56 03.67|+58 47 05.4|  1591.7|-0.75|U | | | 0.2601
179.0780833|+31.4680556|1|116|11 56 18.74|+31 28 05.0|  2978.3|-0.47|C | | | 0.4180
179.8074583|+53.8853889|1|117|11 59 13.79|+53 53 07.4|  1740.6|-0.56|C | | | 0.7744
179.8825000|+29.2456389|1|118|11 59 31.80|+29 14 44.3|  2030.8|-0.18|C*| | | 0.7245
180.2490417|+31.5660833|1|119|12 00 59.77|+31 33 57.9|  1301.6|-0.93|II| |c| 0.3620
181.0088750| -4.3788611|1|120|12 04 02.13|-04 22 43.9|  2141.3|-0.64|II| |p| 0.1507
181.5830417| +4.1033889|1|121|12 06 19.93|+04 06 12.2|  1501.2|-0.83|II| |c| 0.5267
182.3063333|+43.6551944|1|122|12 09 13.52|+43 39 18.7|  1979.9|-0.81|II| |c| 1.3971
183.2335833|+20.5438611|1|123|12 12 56.06|+20 32 37.9|  1417.9|-0.76|U | | | 0.3326
183.3838750|+13.1223333|1|124|12 13 32.13|+13 07 20.4|  1344.2|-0.41|C*| | | 1.1391
183.5170000|+33.1626389|1|125|12 14 04.08|+33 09 45.5|  1403.6|-0.12|C*| | | 1.5960
183.8741667|+53.5983611|1|126|12 15 29.80|+53 35 54.1|  2755.0|-0.59|II| |c| 1.0650
183.9816667|+34.8041944|1|127|12 15 55.60|+34 48 15.1|  1506.8|-0.20|C*| | | 0.8570
184.3742917| +3.6122222|1|128|12 17 29.83|+03 36 44.0|  2411.5|-0.76|II| |p| 0.0772
184.8138750| +5.8278889|1|129|12 19 15.33|+05 49 40.4| 10445.0|-0.80|I | |c| 0.0073
185.1411667|+33.7196944|1|130|12 20 33.88|+33 43 10.9|  2845.9|-0.78|II| |c| 1.5328
186.1258333|+42.1066667|1|131|12 24 30.20|+42 06 24.0|  1352.3|-0.98|II| |c| 0.9440
186.2275833|+21.3797778|1|132|12 24 54.62|+21 22 47.2|  2094.4|-0.53|C*| | | 0.4350
186.2657500|+12.8764444|1|133|12 25 03.78|+12 52 35.2|  6012.8|-0.57|I | |c| 0.0030
186.9949167|+36.5865556|1|134|12 27 58.78|+36 35 11.6|  2098.4| 0.42|C*| | | 1.9730
187.2767083| +2.0514167|1|135|12 29 06.41|+02 03 05.1| 54991.2|-0.07|C*| | | 0.1583
187.4660000|+11.6733889|1|136|12 29 51.84|+11 40 24.2|  1519.0|-0.85|I |w|c| 0.0830
187.7060833|+12.3893333|1|137|12 30 49.46|+12 23 21.6|141949.3|-0.98|I | |c| 0.0042
188.0005417| -2.4011389|1|138|12 32 00.13|-02 24 04.1|  1646.7|-0.72|C*| | | 1.0433
188.8457083|+21.3384167|1|139|12 35 22.97|+21 20 18.3|  2918.5|-0.84|II| |c| 0.4220
189.1213750|+16.5422500|1|140|12 36 29.13|+16 32 32.1|  1383.9|-0.72|I |w|c| 0.0684
190.5820000| -4.7721389|1|141|12 42 19.68|-04 46 19.7|  3672.1|-0.68|II| |c| 0.4800
190.9901250|+16.3813056|1|142|12 43 57.63|+16 22 52.7|  2895.8|-0.91|II| |c| 0.5570
191.2049167|+40.8018056|1|143|12 44 49.18|+40 48 06.5|  1341.8|-0.32|C*| | | 0.8130
192.9352917| +8.9410556|1|144|12 51 44.47|+08 56 27.8|  1684.4|-0.62|II| |c| 0.2364
193.1097083|+56.5721389|1|145|12 52 26.33|+56 34 19.7|  2288.3|-0.69|S*| | | 0.3201
193.2647917| +2.6395278|1|146|12 53 03.55|+02 38 22.3|  1604.9|-0.59|II| |c| 0.2126
193.3862500|+15.7075833|1|147|12 53 32.70|+15 42 27.3|  1952.2|-0.89|II| |c| 0.7660
193.5486667|+27.6257500|1|148|12 54 11.68|+27 37 32.7|  2923.9|-0.68|II| |c| 0.0858
194.0464583| -5.7889167|1|149|12 56 11.15|-05 47 20.1|  9711.2|-0.37|C*| | | 0.5362
194.2390833|+47.3388333|1|150|12 56 57.38|+47 20 19.8|  5099.6|-0.75|II| |c| 0.9960
195.1369583|+40.1525556|1|151|13 00 32.87|+40 09 09.2|  1368.9|-1.05|II| |c| 1.6670
196.4002083| +8.9210833|1|152|13 05 36.05|+08 55 15.9|  1461.8|-0.94|II| |c| 1.4090
197.4569167| -0.2101667|1|153|13 09 49.66|-00 12 36.6|  1636.7|-0.85|II| |p| 0.4190
197.6195833|+32.3456389|1|154|13 10 28.70|+32 20 44.3|  1686.6| 0.28|C*| | | 0.9974
197.7856667|+27.4656944|1|155|13 11 08.56|+27 27 56.5|  2044.6|-0.85|II| |c| 0.2400
198.4078333|+54.9734167|1|156|13 13 37.88|+54 58 24.3|  1304.6|-0.17|C*| | | 0.6130
199.0854583| +7.0484167|1|157|13 16 20.51|+07 02 54.3|  1884.2|-0.24|I |w|c| 0.0507
199.7784583|+29.6427222|1|158|13 19 06.83|+29 38 33.8|  1372.5|-0.28|I | |c| 0.0729
199.9113750| -0.8280278|1|159|13 19 38.73|-00 49 40.9|  1468.9|-0.56|C*| | | 0.8916
200.0893750|+17.7201111|1|160|13 20 21.45|+17 43 12.4|  1573.2|-0.62|II| |c| 0.6110
200.3285000|+11.1137222|1|161|13 21 18.84|+11 06 49.4|  2238.0|-0.65|II|c|p| 2.1832
200.3386667|+42.5875556|1|162|13 21 21.28|+42 35 15.2|  2085.0|-0.81|II| |c| 0.0794
200.8376667| +3.1341111|1|163|13 23 21.04|+03 08 02.8|  1385.2|-0.68|I | |p| 0.2690
201.5687917|+31.9026944|1|164|13 26 16.51|+31 54 09.7|  4861.9|-0.12|C*| | | 0.3700
201.8821250|+31.8575833|1|165|13 27 31.71|+31 51 27.3|  1415.1|-0.64|U | | | 0.2272
202.6570417|+25.1530556|1|166|13 30 37.69|+25 09 11.0|  7052.2|-0.42|C*| | | 1.0550
202.7846250|+30.5090000|1|167|13 31 08.31|+30 30 32.4| 14902.7|-0.26|C*| | | 0.8494
203.2348750| +2.0129167|1|168|13 32 56.37|+02 00 46.5|  2648.5|-0.54|II| |c| 0.2157
204.5336250| -6.4531111|1|169|13 38 08.07|-06 27 11.2|  2958.5|-0.88|II| |p| 0.6250
204.7069583|+38.8530833|1|170|13 38 49.67|+38 51 11.1|  3358.9|-0.85|I |w|c| 0.2460
205.5547083|+60.3617500|1|171|13 42 13.13|+60 21 42.3|  1493.3|-0.88|II| |c| 0.9642
205.6815417| +5.0754167|1|172|13 42 43.57|+05 04 31.5|  1600.9|-0.61|I | |c| 0.1362
206.0989583|+14.1542500|1|173|13 44 23.75|+14 09 15.3|  1302.8|-0.82|C | | |
206.3599167|+49.7757500|1|174|13 45 26.38|+49 46 32.7|  2398.3|-0.79|II| |c| 0.9670
206.8892500|+12.2900278|1|175|13 47 33.42|+12 17 24.1|  5397.2| 0.80|C*| | | 0.1212
208.0742083|+31.4463056|1|176|13 52 17.81|+31 26 46.7|  4844.2|-0.49|I | |c| 0.0450
208.2348333|+11.1188056|1|177|13 52 56.36|+11 07 07.7|  1537.9|-0.42|C | | | 0.6500
209.2562917| +1.0776944|1|178|13 57 01.51|+01 04 39.7|  2400.4|-0.70|II| |c| 0.8190
209.2682083|+19.3189167|1|179|13 57 04.37|+19 19 08.1|  2585.6|-0.53|II|c|c| 0.7200
209.4740417| +0.7757778|1|180|13 57 53.77|+00 46 32.8|  1921.6|-0.70|U | | | 0.6606
210.1193750|+62.1773889|1|181|14 00 28.65|+62 10 38.6|  4307.6| 0.14|C*| | | 0.4310
211.6837500|+34.1906111|1|182|14 06 44.10|+34 11 26.2|  1316.1|-1.02|II| |c| 1.7790
212.8359583|+52.2025000|1|183|14 11 20.63|+52 12 09.0| 22720.1|-0.63|II| |c| 0.4614
213.4514167| -5.9983889|1|184|14 13 48.34|-05 59 54.2|  1520.8|-0.90|II| |c| 1.0940
214.0174167|+34.7434722|1|185|14 16 04.18|+34 44 36.5|  1863.7|-0.11|C*| | |
214.2229167|+10.8111667|1|186|14 16 53.50|+10 48 40.2|  4445.4|-0.52|I | |c| 0.0240
214.3497917| -4.0129444|1|187|14 17 23.95|-04 00 46.6|  1687.2|-0.86|U | | | 1.4060
214.7840833| +6.4767500|1|188|14 19 08.18|+06 28 36.3|  6100.3|-1.02|S*| | | 1.4374
215.2738750|+41.7471389|1|189|14 21 05.73|+41 44 49.7|  3146.9|-0.65|II| |c| 0.3670
215.7533750|+19.5896667|1|190|14 23 00.81|+19 35 22.8|  3738.8|-0.76|II| |c| 0.2720
216.2372083|+20.0063056|1|191|14 24 56.93|+20 00 22.7|  1808.5|-0.70|II| |c| 0.8710
216.4611250|+24.0685278|1|192|14 25 50.67|+24 04 06.7|  1558.7|-0.77|II| |c| 0.6532
217.1300833| -1.4024167|1|193|14 28 31.22|-01 24 08.7|  3157.4|-0.73|II| |c| 1.1590
217.5139167| +7.2503611|1|194|14 30 03.34|+07 15 01.3|  1719.6|-0.39|I |w|c| 0.0551
219.2377917| +3.4034167|1|195|14 36 57.07|+03 24 12.3|  2797.3|-0.48|C | | | 1.4380
219.6862917|+62.1984722|1|196|14 38 44.71|+62 11 54.5|  2410.4|-0.14|C*| | | 1.0935
220.7560417|+52.0272778|1|197|14 43 01.45|+52 01 38.2|  2543.0|-0.73|II| |c| 0.1410
221.3186667| +9.9766667|1|198|14 45 16.48|+09 58 36.0|  2417.6| 0.21|C | | | 3.5295
222.1665833| +0.3049722|1|199|14 48 39.98|+00 18 17.9|  1651.5|-0.65|U | | | 0.4381
222.3405833|+63.2705278|1|200|14 49 21.74|+63 16 13.9|  3006.0|-0.81|I | |c| 0.0416
223.7559583| -4.3395833|1|201|14 55 01.43|-04 20 22.5|  2104.3|-0.81|II| |c| 0.4403
226.0386250|+60.0154167|1|202|15 04 09.27|+60 00 55.5|  1553.1|-0.78|C | | | 1.0220
226.0812500|+28.5928611|1|203|15 04 19.50|+28 35 34.3|  1626.5| 0.88|I |w|c| 0.1083
226.1042917|+10.4940278|1|204|15 04 25.03|+10 29 38.5|  1774.2| 0.15|C*| | | 1.8385
226.2457500|+25.9969444|1|205|15 04 58.98|+25 59 49.0|  7613.4|-0.97|I | |c| 0.0535
227.7231250| -5.7186389|1|206|15 10 53.55|-05 43 07.1|  3569.3|-0.53|C | | | 1.1910
227.7376250| +7.8568889|1|207|15 10 57.03|+07 51 24.8|  3799.1|-0.85|II| |c| 0.4610
228.1056250| +1.3524167|1|208|15 12 25.35|+01 21 08.7|  2262.7|-0.66|II| |c| 0.7920
228.4162500|+26.1260278|1|209|15 13 39.90|+26 07 33.7|  4332.7|-0.71|I | |c| 0.1080
228.4175000|+23.6431389|1|210|15 13 40.20|+23 38 35.3|  1767.5|-0.10|C*| | | 0.6355
229.1675417| +0.2506667|1|211|15 16 40.21|+00 15 02.4|  2593.1|-0.11|II|c|p| 0.0524
229.2358750|+18.5060000|1|213|15 16 56.61|+18 30 21.6|  1335.2|-0.73|U | | | 0.4200
230.0229167|+20.2682500|1|214|15 20 05.50|+20 16 05.7|  2688.0|-0.76|S*| | | 1.5740
230.3104583| +4.5055556|1|215|15 21 14.51|+04 30 20.0|  3927.2| 0.29|C*| | | 1.2960
231.0235000|+54.4717778|1|216|15 24 05.64|+54 28 18.4|  2624.0|-0.85|II| |c| 0.1920
231.4538333| +3.1406944|1|217|15 25 48.92|+03 08 26.5|  1960.0|-0.45|C | | | 0.5229
232.8556667|+35.5612778|1|218|15 31 25.36|+35 33 40.6|  1820.7|-0.80|II| |c| 0.3420
232.9612917|+24.0453611|1|219|15 31 50.71|+24 02 43.3|  3577.3|-0.64|II| |c| 0.0962
233.7185417| +1.5175833|1|220|15 34 52.45|+01 31 03.3|  1320.4| 0.11|C*| | | 1.4350
233.7552917|+55.6138333|1|221|15 35 01.27|+55 36 49.8|  1846.9|-0.85|II| |c| 1.6810
234.3849583|+13.7465833|1|222|15 37 32.39|+13 44 47.7|  1805.6|-0.65|U | | | 0.6720
235.2062917|+14.7963056|1|223|15 40 49.51|+14 47 46.7|  1386.8|-0.47|C*| | | 0.6050
235.4401667|+60.2600556|1|224|15 41 45.64|+60 15 36.2|  1337.4|-0.91|II| |p| 0.6790
236.5395833| +0.4401667|1|225|15 46 09.50|+00 26 24.6|  1830.3|-0.15|C*| | | 0.5500
236.9342917|+20.8780556|1|226|15 47 44.23|+20 52 41.0|  2396.2|-0.66|II| |c| 0.2640
237.4540833|+21.4275278|1|227|15 49 48.98|+21 25 39.1|  2522.0|-0.90|II| |c| 1.2061
237.4939167|+62.6891389|1|228|15 49 58.54|+62 41 20.9|  3563.7|-0.74|II| |c| 1.1350
237.6469167| +5.4529444|1|229|15 50 35.26|+05 27 10.6|  2303.3|-0.08|C*| | | 1.4220
238.1119167|+20.0838333|1|230|15 52 26.86|+20 05 01.8|  3214.1|-0.64|II| |c| 0.0900
239.0419167|+20.0725556|1|231|15 56 10.06|+20 04 21.2|  2313.7|-0.63|II| |c| 1.8250
239.1514583|+42.9526667|1|232|15 56 36.35|+42 57 09.6|  1656.4|-0.74|II| |c|
240.5302917|+33.4480833|1|233|16 02 07.27|+33 26 53.1|  2990.6| 0.11|C | | | 1.1000
240.5717083| +1.9720556|1|234|16 02 17.21|+01 58 19.4|  8298.7|-0.69|II| |c| 0.1041
242.1922083|+10.4856111|1|235|16 08 46.13|+10 29 08.2|  1392.0|-0.32|C*| | | 1.2260
242.3054583|+26.6914444|1|236|16 09 13.31|+26 41 29.2|  4908.2| 0.49|C | | | 0.4730
242.5322500|+32.9764167|1|237|16 10 07.74|+32 58 35.1|  2027.1|-0.65|II| |c| 1.7810
243.0792500|+22.3710000|1|238|16 12 19.02|+22 22 15.6|  1401.9|-0.81|U | | | 0.3962
243.4211667|+34.2132500|1|239|16 13 41.08|+34 12 47.7|  4024.1| 0.24|C*| | | 1.3994
244.1595417|+26.7837778|1|240|16 16 38.29|+26 47 01.6|  1484.4|-0.11|C | | |
244.3156250|+21.1248333|1|241|16 17 15.75|+21 07 29.4|  1748.5|-0.69|II| |c| 1.3240
244.4120417|+35.0133333|1|242|16 17 38.89|+35 00 48.0|  1706.2|-0.38|I | |c| 0.0298
244.4303333|+32.3840000|1|243|16 17 43.28|+32 23 02.4|  2598.5|-0.63|II| |c| 0.1517
245.0891667|+17.6081389|1|244|16 20 21.40|+17 36 29.3|  1993.9|-0.84|II| |c| 0.5550
246.1642500|+23.7548611|1|245|16 24 39.42|+23 45 17.5|  2612.7|-0.73|II| |c| 0.9270
246.4902500|+41.5781111|1|246|16 25 57.66|+41 34 41.2|  1677.4|-0.20|C*| | | 2.5500
247.0148750|+27.6933611|1|247|16 28 03.57|+27 41 36.1|  1998.6|-0.82|II| |c| 0.4480
247.1597500|+39.5513056|1|248|16 28 38.34|+39 33 04.7|  3678.7|-1.23|I |w|c| 0.0298
247.2220833|+44.3181111|1|249|16 28 53.30|+44 19 05.2|  3155.8|-0.67|II| |c| 0.6300
247.4063333|+23.3370556|1|250|16 29 37.52|+23 20 13.4|  2599.0|-0.68|II| |c| 0.7750
247.9387083|+11.9342500|1|251|16 31 45.29|+11 56 03.3|  1733.7|-0.47|C | | | 1.7920
248.6410833|+62.7599167|1|252|16 34 33.86|+62 45 35.7|  5001.9|-0.48|C*| | | 0.9880
248.8146250|+38.1346667|1|253|16 35 15.51|+38 08 04.8|  2726.0| 0.11|C*| | | 1.8131
249.1557500|+26.8018333|1|254|16 36 37.38|+26 48 06.6|  1336.1|-0.81|II| |c| 0.5610
249.6175833|+62.5788611|1|255|16 38 28.22|+62 34 43.9|  4610.8|-0.49|C*| | | 0.7500
250.7448750|+39.8102778|1|256|16 42 58.77|+39 48 37.0|  7098.6|-0.24|C*| | | 0.5939
250.7747083|+37.4928889|1|257|16 43 05.93|+37 29 34.4|  1418.1|-0.88|II| |p| 0.5200
250.9528750|+17.2635556|1|258|16 43 48.69|+17 15 48.8|  3666.2|-0.55|I | |c| 0.1617
251.9242917|+17.3365278|1|259|16 47 41.83|+17 20 11.5|  2130.2|-0.23|C*| | | 0.3140
253.4676667|+39.7601667|1|260|16 53 52.24|+39 45 36.6|  1558.0|-0.12|C | | | 0.0336
254.8648750|+47.0536389|1|261|16 59 27.57|+47 03 13.1|  3358.4|-0.69|II| |c| 0.2050
256.0300417|+29.7831944|1|262|17 04 07.21|+29 46 59.5|  1413.9|-0.74|C | | | 1.9270
256.1792917|+60.7471111|1|263|17 04 43.03|+60 44 49.6|  3259.0|-0.70|II| |c| 0.3715
256.2773750|+38.6771111|1|264|17 05 06.57|+38 40 37.6|  1302.4|-0.86|II| |c| 0.3460
257.6837917|+46.0250833|1|265|17 10 44.11|+46 01 30.3|  1865.5|-0.90|II| |c| 0.8060
260.8368750|+34.2992500|1|266|17 23 20.85|+34 17 57.3|  1610.2|-0.52|II| |c| 0.2060
261.0766667|+50.9650000|1|267|17 24 18.40|+50 57 54.0|  1509.1|-0.99|II| |c| 1.0790
265.7160000|+61.7641667|1|268|17 42 51.84|+61 45 51.0|  1354.7|-0.67|II| |c| 0.5230
108.6468750|+45.6666944|1|269|07 14 35.25|+45 40 00.1|  1386.4|-0.49|II| |c|
223.5845833|+16.3488333|1|270|14 54 20.30|+16 20 55.8|  1391.3| 0.50|II| |c| 0.0456
127.8347083|+32.3102778|1|271|08 31 20.33|+32 18 37.0|  1773.5| 0.53|II| |c| 0.0512
132.1747500| +5.9263889|1|272|08 48 41.94|+05 55 35.0|  1319.5|-0.53|II| |c| 0.2206
187.0490417|+20.3886389|1|273|12 28 11.77|+20 23 19.1|  1333.9|-0.57|II| |c| 0.6800
116.0729167|+37.8880278|1|274|07 44 17.50|+37 53 16.9|  1341.8|-1.11|C | | | 1.0665
140.0465000|+17.8902778|2|  1|09 20 11.16|+17 53 25.0|  1070.6|-0.88|C | | | 0.4155
140.2436667|+44.6982500|2|  2|09 20 58.48|+44 41 53.7|  1017.2|-0.15|C*| | | 2.1890
140.4439583|+37.9028056|2|  4|09 21 46.55|+37 54 10.1|   826.4|-0.88|II|c|c| 1.1080
142.7261250|+58.9212778|2|  8|09 30 54.27|+58 55 16.6|  1082.9|-0.91|U | | | 0.5128
143.5658333|+49.1391667|2|  9|09 34 15.80|+49 08 21.0|   800.5| 0.37|C*| | | 2.5820
143.7669167| +8.6936944|2| 10|09 35 04.06|+08 41 37.3|  1037.6|-0.74|II| |p| 0.3578
143.7775833|+39.7021111|2| 11|09 35 06.62|+39 42 07.6|  1029.5|-0.93|II| |p| 0.4957
144.1334167| +4.3696667|2| 12|09 36 32.02|+04 22 10.8|   971.1|-1.35|C | | | 1.3400
145.3445833| -1.7169444|2| 14|09 41 22.70|-01 43 01.0|   830.0|-0.60|II| |c| 0.3820
145.8298333| -0.0728611|2| 19|09 43 19.16|-00 04 22.3|  1188.9|-0.72|C | | | 0.4785
146.3075417|+16.9226944|2| 21|09 45 13.81|+16 55 21.7|  1062.1|-0.90|II| |c| 0.5077
146.9358333| +0.0770000|2| 23|09 47 44.60|+00 04 37.2|   935.8|-1.06|II| |p|
148.4124583|+25.2735000|2| 29|09 53 38.99|+25 16 24.6|   993.1|-0.99|II| |c|
148.7367083|+17.7254167|2| 30|09 54 56.81|+17 43 31.5|  1158.5|-0.35|C*| | | 1.4758
148.5292917|+21.3766389|2| 31|09 54 07.03|+21 22 35.9|   948.8|     |II| |c| 0.2952
149.2078333|+25.2544167|2| 32|09 56 49.88|+25 15 15.9|  1080.1| 0.53|C*| | | 0.7076
149.5871667|+32.4004444|2| 34|09 58 20.92|+32 24 01.6|  1247.1|-0.79|S*| | | 0.5306
149.6199167| -1.6664722|2| 35|09 58 28.78|-01 39 59.3|  1213.7|-0.59|C | | |
150.0729583| +0.0897222|2| 36|10 00 17.51|+00 05 23.0|   923.7|-0.94|II| |c| 0.9055
150.0914583|+22.5550556|2| 37|10 00 21.95|+22 33 18.2|  1116.3|-0.76|II| |c| 0.4190
150.1171250|+14.0261389|2| 38|10 00 28.11|+14 01 34.1|  1166.4|-0.80|II| |p| 1.0264
150.3485417| -0.4357778|2| 39|10 01 23.65|-00 26 08.8|  1221.0|-0.99|II| |c| 1.4956
150.7380000|+19.8648611|2| 41|10 02 57.12|+19 51 53.5|  1226.5|-0.65|I | |p| 0.1677
151.1372500|+31.8643056|2| 42|10 04 32.94|+31 51 51.5|  1263.8|-0.98|II| |c| 0.6793
151.8587500|+12.8156139|2| 45|10 07 26.10|+12 48 56.2|  1216.1|-0.45|II| |c| 0.2400
151.9229583|+13.9414722|2| 46|10 07 41.51|+13 56 29.3|   936.3|-0.25|C*| | | 2.7070
151.9272500|+59.1360833|2| 47|10 07 42.54|+59 08 09.9|  1082.8|-0.88|II| |c| 0.5614
152.4812500|+14.0316944|2| 49|10 09 55.50|+14 01 54.1|   994.6|-0.70|C | | | 0.2150
153.5667917|+10.8517500|2| 52|10 14 16.03|+10 51 06.3|   902.2|-0.62|II| |c| 0.3880
153.6960417|+23.0201944|2| 53|10 14 47.05|+23 01 12.7|  1095.5|-0.45|II| |c| 0.5662
153.7038333| +8.8830000|2| 54|10 14 48.92|+08 52 58.8|   877.4|-0.29|C | | |
153.9927500|+40.7797528|2| 55|10 15 58.26|+40 46 47.1|  1078.5|-0.29|II| |c| 0.1279
154.4573750|+27.5354722|2| 57|10 17 49.77|+27 32 07.7|  1274.7|-0.75|II| |c| 0.4678
155.6262917|+30.6849444|2| 59|10 22 30.31|+30 41 05.8|   967.8|     |C*| | | 1.3183
155.7983333|+39.8047778|2| 60|10 23 11.60|+39 48 17.2|  1122.6|-0.45|C*| | | 1.2540
156.1234583| -0.8820000|2| 62|10 24 29.63|-00 52 55.2|   986.2| 0.26|C*| | | 2.5545
156.3363333|+20.1725833|2| 63|10 25 20.72|+20 10 21.3|  1250.3|-0.89|II| |c| 0.4542
156.3744583|+42.9619722|2| 64|10 25 29.87|+42 57 43.1|   852.4|-0.96|II| |c| 0.8083
156.6331667| +6.4590833|2| 65|10 26 31.96|+06 27 32.7|   851.5|-1.17|II| |c| 1.7106
156.8870417|+48.2851111|2| 67|10 27 32.89|+48 17 06.4|   985.3|-0.57|II| |c| 0.2310
157.0836667|+15.1915278|2| 68|10 28 20.08|+15 11 29.5|   824.5|-0.90|C | | |
157.5412917| +0.6278333|2| 69|10 30 09.91|+00 37 40.2|  1077.1|-0.71|II| |p| 0.6108
157.9314583|+52.4271944|2| 70|10 31 43.55|+52 25 37.9|   921.6|-0.67|II| |c| 0.1662
158.3679583|+17.7124167|2| 71|10 33 28.31|+17 42 44.7|   929.0|-0.69|II| |c| 1.0523
160.6522083|+29.8293333|2| 77|10 42 36.53|+29 49 45.6|   841.2|-0.04|C | | |
161.5751667|+54.9937500|2| 79|10 46 18.04|+54 59 37.5|  1032.7|-0.96|II| |c| 0.3694
161.6457917|+15.7297778|2| 80|10 46 34.99|+15 43 47.2|  1071.9|-0.72|U | | | 0.9748
162.1426250|+34.9570833|2| 81|10 48 34.23|+34 57 25.5|  1034.4|-0.64|C | | | 1.5940
162.3590833| -2.9146389|2| 82|10 49 26.18|-02 54 52.7|   956.5|-0.81|II| |c| 0.7010
162.9533333|+21.3313333|2| 83|10 51 48.80|+21 19 52.8|  1253.1|-0.29|C*| | | 1.3000
164.3157083| +0.2010556|2| 85|10 57 15.77|+00 12 03.8|   898.1|-0.43|C*| | |
165.0084167|+30.4616667|2| 89|11 00 02.02|+30 27 42.0|   991.4|-1.05|II| |c| 0.8313
165.6040417| -2.5928056|2| 91|11 02 24.97|-02 35 34.1|   838.4|-0.72|C | | |
165.6091250|+55.8342500|2| 92|11 02 26.19|+55 50 03.3|  1206.4|-0.93|U | | | 0.4059
166.3590417|+20.8715000|2| 93|11 05 26.17|+20 52 17.4|   985.6|-0.66|C | | |
166.6323750| -0.8809722|2| 94|11 06 31.77|-00 52 51.5|  1065.6|-0.67|II| |c| 0.4260
166.8125833|+16.4670833|2| 95|11 07 15.02|+16 28 01.5|   868.6|-0.60|II|c|p| 0.6301
167.1566667|+38.9783611|2| 97|11 08 37.60|+38 58 42.1|   919.7|-0.89|II| |c| 0.7810
167.2157917|+25.0144722|2| 98|11 08 51.79|+25 00 52.1|  1090.0|-1.10|II| |c| 1.4836
167.3702500|+37.7420556|2| 99|11 09 28.86|+37 44 31.4|  1221.6|-0.04|C*| | | 2.2900
167.8337083|+19.9266944|2|102|11 11 20.09|+19 55 36.1|  1194.8| 0.42|C*| | | 0.2991
167.8446250| +3.1528889|2|103|11 11 22.71|+03 09 10.4|  1017.7|-1.01|II| |c|
167.9317500|+40.8209167|2|105|11 11 43.62|+40 49 15.3|   819.2|-0.86|I |w|c| 0.0737
169.3910417| -2.6001667|2|110|11 17 33.85|-02 36 00.6|   996.1|-0.73|I | |c| 0.2014
169.5509583|+53.3290833|2|111|11 18 12.23|+53 19 44.7|   919.2|-0.85|II| |c| 1.2418
171.1560417| +4.9385556|2|117|11 24 37.45|+04 56 18.8|  1145.4|-0.92|II| |p| 0.2828
171.1829167|+19.3249167|2|118|11 24 43.90|+19 19 29.7|   874.7|-1.00|C | | | 0.1650
171.4737500|+26.1722500|2|119|11 25 53.70|+26 10 20.1|   921.2| 0.27|C*| | | 2.3396
171.5355417|+30.0601389|2|120|11 26 08.53|+30 03 36.5|   933.6|-1.01|II| |p|
171.6130417|+12.3429722|2|122|11 26 27.13|+12 20 34.7|  1110.5|-0.89|II| |p| 0.6763
172.3998750| +0.2548611|2|123|11 29 35.97|+00 15 17.5|   979.5|-0.76|II| |c| 0.2110
172.4497083|+50.4310833|2|124|11 29 47.93|+50 25 51.9|   926.9|-0.89|C | | | 1.0037
173.2478750|+10.3951944|2|126|11 32 59.49|+10 23 42.7|   879.1|-0.88|II| |p| 0.5398
173.2898333|+33.7201667|2|127|11 33 09.56|+33 43 12.6|   886.6|-0.77|II| |c| 0.2227
173.3049167|+50.1444167|2|128|11 33 13.18|+50 08 39.9|   844.9|-0.76|II| |c| 0.3064
173.7275417|+30.0903333|2|130|11 34 54.61|+30 05 25.2|  1145.5|-1.00|II| |c| 0.6133
173.8043333| -0.3553889|2|131|11 35 13.04|-00 21 19.4|  1267.8|-0.61|C | | | 0.1600
174.3736667| +1.2703611|2|133|11 37 29.68|+01 16 13.3|  1059.7|-0.89|C | | | 0.4300
175.0709583|+17.7275000|2|134|11 40 17.03|+17 43 39.0|  1143.3|-0.57|I | |c| 0.0111
175.7384583|+21.4868056|2|138|11 42 57.23|+21 29 12.5|   921.0|-1.10|II| |c| 1.3718
175.7449167|+48.8554722|2|139|11 42 58.78|+48 51 19.7|   958.6|-0.93|II| |p| 0.7338
175.9151250|+46.3557500|2|141|11 43 39.63|+46 21 20.7|   863.2|-0.90|II| |p| 0.1159
176.0884583|+29.9736944|2|142|11 44 21.23|+29 58 25.3|   837.3|-0.91|II| |c|
176.2250417| -0.5268056|2|144|11 44 54.01|-00 31 36.5|   947.6|-0.97|II| |c| 1.1108
176.8112917|+25.3889444|2|148|11 47 14.71|+25 23 20.2|   879.0|-0.81|II| |c| 0.9812
177.1979583| +4.9243611|2|149|11 48 47.51|+04 55 27.7|   827.9|-1.03|II| |c| 0.4200
178.2629583|+11.1223333|2|152|11 53 03.11|+11 07 20.4|   853.5|-1.01|II| |c| 0.4924
178.3022500| +9.2340278|2|153|11 53 12.54|+09 14 02.5|   809.2|-0.59|C*| | | 0.6956
178.4777083|+40.6146944|2|155|11 53 54.65|+40 36 52.9|  1135.6| 0.16|C*| | | 0.9283
178.8067083|+54.8806667|2|157|11 55 13.61|+54 52 50.4|  1233.3|-0.82|II| |c| 0.7414
179.3954583|+16.6498056|2|161|11 57 34.91|+16 38 59.3|   813.2| 1.21|C*| | | 1.0608
179.6075000|+24.8382500|2|162|11 58 25.80|+24 50 17.7|  1021.2| 0.16|C*| | | 0.2016
179.9534583|+58.3391111|2|165|11 59 48.83|+58 20 20.8|  1191.3|-0.36|C | | | 0.6285
180.1299583|+45.8120000|2|166|12 00 31.19|+45 48 43.2|  1156.5|-0.71|C | | | 0.7428
180.3542083|+25.3400000|2|168|12 01 25.01|+25 20 24.0|   862.9|-0.68|II| |c| 1.2467
180.5174583|+58.0338611|2|169|12 02 04.19|+58 02 01.9|   843.2|-0.69|I |w|c| 0.1011
180.6344583| -2.6675556|2|170|12 02 32.27|-02 40 03.2|   906.1|-0.85|C | | |
180.8414583| +4.2382500|2|171|12 03 21.95|+04 14 17.7|  1146.1|-0.21|C*| | | 1.2118
181.0769167|+52.0385556|2|173|12 04 18.46|+52 02 18.8|   962.3|-0.28|C | | | 0.6510
181.2179583|+29.4867778|2|174|12 04 52.31|+29 29 12.4|  1230.6|-0.77|II| |c| 0.8608
183.6988750| -1.0033611|2|180|12 14 47.73|-01 00 12.1|  1092.5|-0.84|II| |c| 1.4449
183.8112083|+17.5006111|2|181|12 15 14.69|+17 30 02.2|  1010.2|-0.68|S*| | | 0.5831
184.4870833|+25.4908889|2|185|12 17 56.90|+25 29 27.2|   866.8|-0.83|II| |c| 0.3056
184.7467500|+19.9246944|2|186|12 18 59.22|+19 55 28.9|  1047.0|-0.75|II| |c| 0.5687
185.1170000| +9.4741389|2|188|12 20 28.08|+09 28 26.9|  1064.4|-1.10|II| |c| 1.0822
185.4705000|+31.5157500|2|190|12 21 52.92|+31 30 56.7|   805.8|-1.06|II| |c| 0.8275
185.5941250| +4.2214722|2|191|12 22 22.59|+04 13 17.3|   800.3|-0.24|C*| | | 0.9650
186.2185000| +3.5139167|2|193|12 24 52.44|+03 30 50.1|  1280.3| 0.67|C*| | | 0.9559
186.6066667| +9.6682500|2|196|12 26 25.60|+09 40 05.7|  1008.3|-0.63|I | |p| 0.3093
187.0490417|+20.3886389|2|198|12 28 11.77|+20 23 19.1|  1269.5|-0.66|II| |c| 0.6800
187.3859167|+17.8391389|2|200|12 29 32.62|+17 50 20.9|   931.0|-0.54|C | | | 0.1935
188.0221250| -1.5819722|2|204|12 32 05.31|-01 34 55.1|   807.4|-0.68|II| |c| 0.5930
189.2081667|+36.9216667|2|207|12 36 49.96|+36 55 18.0|   920.2|-0.91|II| |p|
189.7798333| +5.3234722|2|208|12 39 07.16|+05 19 24.5|   938.2|-0.83|II| |c| 0.4798
189.7877083|+32.5075833|2|209|12 39 09.05|+32 30 27.3|   827.8|-0.81|II| |p| 0.4486
190.4576667|+57.5102500|2|210|12 41 49.84|+57 30 36.9|  1299.2|-0.37|II| |c|
191.7808333|+49.0050556|2|214|12 47 07.40|+49 00 18.2|  1204.6|-0.54|C | | | 0.2067
192.4531667|+33.3877222|2|215|12 49 48.76|+33 23 15.8|  1289.2|     |II| |c| 0.4075
192.8976250|+50.5670556|2|216|12 51 35.43|+50 34 01.4|  1155.8|-0.99|II| |c| 0.4140
193.0358333|+52.7585556|2|218|12 52 08.60|+52 45 30.8|   958.5|-1.14|II| |p|
193.0700417|+47.2608333|2|219|12 52 16.81|+47 15 39.0|   982.9|-1.08|II| |c|
193.0949167| +3.2640000|2|220|12 52 22.78|+03 15 50.4|   935.3|-0.73|I | |p| 0.0989
194.5081667|+44.5890556|2|226|12 58 01.96|+44 35 20.6|   929.8|-0.93|II| |p| 0.1953
195.6190000|+58.3130278|2|228|13 02 28.56|+58 18 46.9|   898.0|-0.51|C | | | 0.7953
196.1202917|+53.8340278|2|229|13 04 28.87|+53 50 02.5|   908.9|-0.95|II| |c|
196.1820417| -3.7673056|2|230|13 04 43.69|-03 46 02.3|   826.0|-0.68|S*| | | 1.2500
196.9750417| +6.7044167|2|232|13 07 54.01|+06 42 15.9|  1122.0|-0.87|II| |c| 0.5990
197.3914167|+11.9067222|2|233|13 09 33.94|+11 54 24.2|   855.0| 0.27|C*| | | 0.3852
198.7553333|+20.7416944|2|238|13 15 01.28|+20 44 30.1|  1098.7|-0.66|II| |p| 1.2332
198.7914167| +8.6957222|2|239|13 15 09.94|+08 41 44.6|   932.8|-0.03|II| |c| 0.0981
199.9433333|+51.8018611|2|243|13 19 46.40|+51 48 06.7|  1092.6|-0.78|II| |c| 1.0574
220.3677500|+10.9235278|3|  1|14 41 28.26|+10 55 24.7|   422.7|-0.78|C | | |
220.5142917|+25.0845278|3|  2|14 42 03.43|+25 05 04.3|   204.7|     |II| |c| 0.8240
220.5163750|+13.4882222|3|  3|14 42 03.93|+13 29 17.6|   706.0|-0.41|C | | |
220.5957917|+14.9161667|3|  4|14 42 22.99|+14 54 58.2|   202.6|-0.97|II| |c|
220.6129583|+14.5277500|3|  5|14 42 27.11|+14 31 39.9|   224.1|-0.95|II| |c| 1.0425
220.7015417|+11.7375000|3|  6|14 42 48.37|+11 44 15.0|   200.7|     |II| |c| 0.6102
220.7572500|+16.1166389|3|  7|14 43 01.74|+16 06 59.9|   242.7|-0.64|II| |c| 0.2481
220.7615417|+18.6988889|3|  8|14 43 02.77|+18 41 56.0|   219.9|-0.67|II| |p|
220.9465833|+14.6018889|3|  9|14 43 47.18|+14 36 06.8|   303.9|-0.72|C | | | 1.4300
220.9872500|+25.0290278|3| 10|14 43 56.94|+25 01 44.5|   361.7|     |C*| | | 0.0620
221.0240417|+20.5884167|3| 11|14 44 05.77|+20 35 18.3|   281.7|-0.51|C | | |
221.0460000|+26.0307778|3| 12|14 44 11.04|+26 01 50.8|   273.5|     |II| |c| 0.0621
221.0610833|+19.8061111|3| 13|14 44 14.66|+19 48 22.0|   201.5|-0.86|C | | |
221.1044583|+13.9989444|3| 14|14 44 25.07|+13 59 56.2|   607.5|-0.78|II| |c| 0.5656
221.1451667|+19.3591667|3| 15|14 44 34.84|+19 21 33.0|   342.5|-0.67|I |w|c| 0.1906
221.2122917|+11.5320278|3| 16|14 44 50.95|+11 31 55.3|   290.3|-0.76|II| |c| 0.8502
221.2702083|+16.8238889|3| 17|14 45 04.85|+16 49 26.0|   410.4|-0.93|II| |c| 0.7126
221.3626250|+24.6344444|3| 18|14 45 27.03|+24 38 04.0|   212.1|     |C | | |
221.3846667|+26.3971389|3| 19|14 45 32.32|+26 23 49.7|   303.9|-1.02|II| |c| 0.3176
221.4364167|+23.0442778|3| 20|14 45 44.74|+23 02 39.4|   343.2|-0.82|II| |p| 1.1486
221.4889167|+17.6417222|3| 21|14 45 57.34|+17 38 30.2|   826.9|-0.90|II| |c| 0.0653
221.4930000|+12.3745833|3| 22|14 45 58.32|+12 22 28.5|   395.6|-0.64|II| |c| 0.5134
221.5827917|+25.2843056|3| 23|14 46 19.87|+25 17 03.5|   355.2|-0.82|II| |c|
221.6471667|+17.3520556|3| 24|14 46 35.32|+17 21 07.4|   754.1|     |C*| | |
221.6805417|+27.9501944|3| 25|14 46 43.33|+27 57 00.7|  1113.9|-0.66|C | | | 0.7839
221.7117917|+21.5308056|3| 26|14 46 50.83|+21 31 50.9|   529.6|-0.81|II| |p| 1.4000
221.7172083|+22.8513056|3| 27|14 46 52.13|+22 51 04.7|   337.7|-0.77|C | | |
221.7850000|+17.7980278|3| 28|14 47 08.40|+17 47 52.9|   995.5|-0.92|C | | |
221.9356250|+16.6016667|3| 29|14 47 44.55|+16 36 06.0|   371.0|-0.66|II| |c| 0.1868
222.0178333|+14.7846111|3| 30|14 48 04.28|+14 47 04.6|   440.0|-0.60|I |w|c| 0.2085
222.0359167|+16.5776389|3| 31|14 48 08.62|+16 34 39.5|   265.0|-1.11|II| |c| 0.3041
222.1161250|+27.5552222|3| 32|14 48 27.87|+27 33 18.8|   242.1|-0.48|C | | | 0.2195
222.1777500|+17.5592222|3| 33|14 48 42.66|+17 33 33.2|   362.2|-0.99|II| |c| 0.9988
222.2085417|+20.4263333|3| 34|14 48 50.05|+20 25 34.8|   989.1|-0.91|II| |p| 0.2540
222.3292083|+21.0966667|3| 35|14 49 19.01|+21 05 48.0|   432.9|-0.30|II| |c| 0.2450
222.3649583|+22.1910833|3| 36|14 49 27.59|+22 11 27.9|   276.1|-0.93|II| |c| 0.4820
222.5830000|+15.1788889|3| 37|14 50 19.92|+15 10 44.0|   247.0|-0.74|C | | |
222.6291667|+16.2632222|3| 38|14 50 31.00|+16 15 47.6|   301.5|-0.95|II| |c|
222.8811667|+13.7234444|3| 39|14 51 31.48|+13 43 24.4|   691.8|-0.14|C | | | 0.6941
222.9109167|+14.2338611|3| 40|14 51 38.62|+14 14 01.9|   359.9|-0.95|II| |c| 0.3065
222.9127917|+19.6068889|3| 41|14 51 39.07|+19 36 24.8|   407.4|-0.86|C | | |
223.1440417|+29.8056944|3| 43|14 52 34.57|+29 48 20.5|   247.0|-0.28|C | | |
223.2753333|+19.2951389|3| 44|14 53 06.08|+19 17 42.5|   219.5|-0.64|C | | |
223.3892083|+18.9002778|3| 45|14 53 33.41|+18 54 01.0|   486.4|-0.69|II| |p| 0.8017
223.4087500|+29.0215833|3| 46|14 53 38.10|+29 01 17.7|   265.3|-0.76|II| |c| 1.0360
223.4343333|+10.4327500|3| 47|14 53 44.24|+10 25 57.9|   374.8| 0.34|C*| | | 1.7644
223.4733750|+26.8092778|3| 48|14 53 53.61|+26 48 33.4|   518.6|-0.02|C*| | |
223.5348750|+11.6262222|3| 49|14 54 08.37|+11 37 34.4|   451.6|-0.77|II| |c| 0.5234
223.5869167|+16.4069722|3| 51|14 54 20.86|+16 24 25.1|   228.4|     |C*| | |
223.5947917|+25.6654167|3| 52|14 54 22.75|+25 39 55.5|   232.4|-0.71|II| |p| 0.2186
223.6215000|+20.2572500|3| 53|14 54 29.16|+20 15 26.1|   237.5|-1.03|II| |c|
223.6345833|+29.9329167|3| 54|14 54 32.30|+29 55 58.5|   730.7|-0.54|C*| | | 0.5800
223.6774167|+27.5364722|3| 55|14 54 42.58|+27 32 11.3|   211.1|-0.80|II| |c| 0.5321
223.7805000|+14.2061667|3| 56|14 55 07.32|+14 12 22.2|   246.9|-0.76|II| |c| 0.2538
223.9806667|+11.8624167|3| 57|14 55 55.36|+11 51 44.7|   385.3|-0.34|I | |c| 0.0322
224.0235417|+16.4480000|3| 58|14 56 05.65|+16 26 52.8|  1290.3|-0.53|II| |c| 0.2897
224.0914167|+26.5990000|3| 59|14 56 21.94|+26 35 56.4|   345.4|-0.78|II| |c|
224.1195417|+13.0447500|3| 60|14 56 28.69|+13 02 41.1|   260.7|-1.15|II| |p|
224.1663750|+18.1381944|3| 61|14 56 39.93|+18 08 17.5|   408.6|-1.09|II| |c| 0.5423
224.2167917|+24.2553611|3| 62|14 56 52.03|+24 15 19.3|   508.3|-0.84|II| |c| 0.6678
224.2226250|+27.6942222|3| 63|14 56 53.43|+27 41 39.2|   321.6|     |II| |c| 0.9468
224.2530000|+13.7851389|3| 64|14 57 00.72|+13 47 06.5|   276.2|-0.80|II| |c| 0.5671
224.2710417|+26.9696111|3| 65|14 57 05.05|+26 58 10.6|   295.0|-1.11|II| |c| 0.8593
224.3473333|+24.9881389|3| 66|14 57 23.36|+24 59 17.3|   237.2|-0.72|II| |c| 0.3887
224.4310417|+24.5856389|3| 67|14 57 43.45|+24 35 08.3|   794.4|-0.52|C*| | |
224.4529583|+25.1097500|3| 68|14 57 48.71|+25 06 35.1|   580.9|-0.77|II| |c|
224.4741667|+28.5388889|3| 69|14 57 53.80|+28 32 20.0|   972.1|     |II| |c| 0.1409
224.4891667|+11.7394722|3| 70|14 57 57.40|+11 44 22.1|   559.9|-0.94|II| |c| 1.4381
224.5083750|+29.4753889|3| 71|14 58 02.01|+29 28 31.4|   232.9|-0.88|C | | |
224.5114583|+18.6592500|3| 72|14 58 02.75|+18 39 33.3|   253.8|-0.75|C | | |
224.5219167|+14.5694444|3| 73|14 58 05.26|+14 34 10.0|   431.1|-0.95|II| |p| 1.0463
224.6411667|+18.5155833|3| 74|14 58 33.88|+18 30 56.1|   499.0|-0.89|II| |p| 1.0334
224.6443333|+14.1642222|3| 75|14 58 34.64|+14 09 51.2|   312.6|-0.74|II| |c| 0.6044
224.6621250|+24.9826111|3| 76|14 58 38.91|+24 58 57.4|   236.7|-0.96|II| |p|
224.8107083|+23.9426667|3| 77|14 59 14.57|+23 56 33.6|   217.2|-0.90|II| |c|
224.9252917|+29.0594722|3| 78|14 59 42.07|+29 03 34.1|   367.0|     |II| |p| 0.1460
225.1002083|+20.2105000|3| 79|15 00 24.05|+20 12 37.8|   294.1|     |I | |c| 0.0722
225.0890000|+14.5832778|3| 80|15 00 21.36|+14 34 59.8|   376.5|-0.96|II| |c| 0.1288
225.2222083|+17.6521111|3| 81|15 00 53.33|+17 39 07.6|   206.4|-1.05|II| |c| 1.2303
225.3687500|+21.5724167|3| 82|15 01 28.50|+21 34 20.7|   298.5|-0.64|I | |p| 0.2700
225.4030000|+27.7400000|3| 83|15 01 36.72|+27 44 24.0|   342.7|-0.89|II| |c| 1.2859
225.4097083|+13.4137778|3| 84|15 01 38.33|+13 24 49.6|   250.2|-1.17|C | | | 0.5425
225.4950417|+19.2348056|3| 85|15 01 58.81|+19 14 05.3|   312.2|-0.88|II| |c| 0.4941
225.5014583|+24.6549444|3| 86|15 02 00.35|+24 39 17.8|   273.6|-0.55|II| |c|
225.5023333|+13.1984167|3| 87|15 02 00.56|+13 11 54.3|   314.0|-0.73|II| |c| 0.7816
225.7140833|+25.7374722|3| 88|15 02 51.38|+25 44 14.9|   250.7|-0.84|II| |c|
225.7567917|+18.3423333|3| 89|15 03 01.63|+18 20 32.4|   316.5|-0.81|II| |p| 0.2958
225.7836250|+12.6172778|3| 90|15 03 08.07|+12 37 02.2|   235.3|-0.72|II| |c| 0.6452
225.8433333|+19.5511389|3| 91|15 03 22.40|+19 33 04.1|   232.6|-0.86|II| |c| 0.5586
225.8730000|+10.5586667|3| 92|15 03 29.52|+10 33 31.2|   281.8|-0.89|C | | |
225.9146250|+10.2674444|3| 93|15 03 39.51|+10 16 02.8|   340.8|-0.74|I | |p| 0.0950
225.9638333|+12.4687222|3| 94|15 03 51.32|+12 28 07.4|   299.0|     |II| |c|
225.9936250|+12.5071111|3| 95|15 03 58.47|+12 30 25.6|   268.1|-1.58|II| |c|
226.0717500|+10.9598333|3| 97|15 04 17.22|+10 57 35.4|   252.8|-0.64|C | | |
226.1112917|+28.9085000|3| 99|15 04 26.71|+28 54 30.6|   583.2|-0.57|C*| | |
226.2503333|+11.9788611|3|101|15 05 00.08|+11 58 43.9|   205.9|-0.91|C | | |
226.5805417|+20.4615278|3|102|15 06 19.33|+20 27 41.5|   294.9|-0.96|II| |c| 0.4960
226.7884583|+16.1213056|3|103|15 07 09.23|+16 07 16.7|   513.1|-0.93|II| |c| 0.6007
226.8411667|+10.3128611|3|104|15 07 21.88|+10 18 46.3|   403.2|-0.43|C | | | 0.0781
226.9141667|+11.0669444|3|105|15 07 39.40|+11 04 01.0|   226.4|-0.65|II| |c| 0.4755
226.9245417|+12.1345278|3|106|15 07 41.89|+12 08 04.3|   421.0|-1.04|II| |c|
226.9460833|+24.5751111|3|107|15 07 47.06|+24 34 30.4|   314.1|-1.02|II| |c| 2.4083
227.0213333|+18.8788333|3|108|15 08 05.12|+18 52 43.8|   220.1|-1.01|II| |p| 0.3190
227.1637917|+18.9833333|3|109|15 08 39.31|+18 59 00.0|   299.4|-1.12|C | | | 0.5371
227.2026667|+28.8359722|3|110|15 08 48.64|+28 50 09.5|   391.2|-0.58|C | | |
227.2509167|+24.3306944|3|111|15 09 00.22|+24 19 50.5|   287.4|-0.81|II| |c| 1.0377
227.2700000|+28.6574167|3|112|15 09 04.80|+28 39 26.7|   252.4|-0.73|C | | |
227.3150000|+14.1041111|3|113|15 09 15.60|+14 06 14.8|   402.7|-1.08|C | | |
227.3181250|+16.9825556|3|114|15 09 16.35|+16 58 57.2|   233.5|-0.97|II| |c|
227.4283333|+29.6507778|3|115|15 09 42.80|+29 39 02.8|   205.6|-0.92|II| |c| 0.9136
227.4283333|+15.9497500|3|116|15 09 42.80|+15 56 59.1|   284.9|     |C | | |
227.4605417|+15.9571389|3|117|15 09 50.53|+15 57 25.7|   386.0|-0.86|C | | | 0.1850
227.5103750|+23.3675278|3|118|15 10 02.49|+23 22 03.1|   257.6|-0.96|II| |c|
227.6645417|+20.3186111|3|119|15 10 39.49|+20 19 07.0|   212.0|-0.68|II| |c|
227.6797917|+12.6811944|3|120|15 10 43.15|+12 40 52.3|   273.3|-0.76|II| |c| 1.1775
227.7046667|+14.6239444|3|121|15 10 49.12|+14 37 26.2|   214.2|-1.06|II| |c| 0.7248
227.7083750|+10.7039167|3|122|15 10 50.01|+10 42 14.1|   220.2|-0.96|II| |c| 1.1561
227.7362083|+18.0441389|3|123|15 10 56.69|+18 02 38.9|   305.7|     |C | | |
227.7732917|+22.1351111|3|124|15 11 05.59|+22 08 06.4|   411.1|-0.44|C*| | |
227.7878333|+18.0316111|3|125|15 11 09.08|+18 01 53.8|   375.9|-0.95|I | |c| 0.1159
227.8149167|+18.1346944|3|126|15 11 15.58|+18 08 04.9|   281.9|-0.73|C | | |
227.8726250|+10.0288333|3|127|15 11 29.43|+10 01 43.8|   644.7|-0.85|II| |c| 2.1000
227.8816667|+28.3781667|3|128|15 11 31.60|+28 22 41.4|   207.9|-0.97|II| |c| 1.2259
227.9404167|+21.1341944|3|129|15 11 45.70|+21 08 03.1|   270.6|-0.94|II| |c|
228.0311667|+22.7873889|3|130|15 12 07.48|+22 47 14.6|   280.1|-1.10|II| |c|
228.0502917|+15.6737500|3|131|15 12 12.07|+15 40 25.5|   993.5|-0.75|II| |c| 0.8280
228.1356667|+14.9435278|3|132|15 12 32.56|+14 56 36.7|   223.7|-0.96|C | | |
228.3650417|+22.5065278|3|133|15 13 27.61|+22 30 23.5|   205.4|-0.81|C | | |
228.3732083|+10.1844167|3|134|15 13 29.57|+10 11 03.9|   221.4|-0.89|II| |c| 1.5464
228.4405833|+24.1841111|3|137|15 13 45.74|+24 11 02.8|   367.3|     |II| |c| 0.0700
228.5147917|+22.3920833|3|138|15 14 03.55|+22 23 31.5|   268.0|-0.84|C | | | 0.1554
228.5610000|+23.4531111|3|139|15 14 14.64|+23 27 11.2|   247.0|     |II| |p| 0.1046
228.5650417|+15.6998889|3|140|15 14 15.61|+15 41 59.6|   278.2|-1.18|II| |p|
228.6326667|+12.5716111|3|141|15 14 31.84|+12 34 17.8|   323.0|-0.76|C | | | 0.5756
228.7062500|+10.2835833|3|142|15 14 49.50|+10 17 00.9|   436.7|-0.52|I | |c| 0.0572
228.7642917|+22.5292778|3|143|15 15 03.43|+22 31 45.4|   208.4|-0.78|I | |c| 0.3295
228.8489167|+10.3103611|3|144|15 15 23.74|+10 18 37.3|   237.8|-0.94|II| |c| 1.1059
228.9757083|+24.9778889|3|145|15 15 54.17|+24 58 40.4|   219.7|-0.27|C | | |
229.0124167|+14.3063611|3|146|15 16 02.98|+14 18 22.9|   296.3|     |II| |c| 0.2202
229.2367083|+19.5370556|3|148|15 16 56.81|+19 32 13.4|   464.1| 0.10|C*| | | 0.6500
229.2690000|+21.3785833|3|149|15 17 04.56|+21 22 42.9|   243.3|-0.86|II| |c| 0.2787
229.3482500|+29.9251111|3|150|15 17 23.58|+29 55 30.4|   320.5|-0.99|II| |c| 1.8420
229.3529167|+17.4911944|3|151|15 17 24.70|+17 29 28.3|   226.0|-0.42|II| |c| 0.2419
229.4563333|+14.4664722|3|152|15 17 49.52|+14 27 59.3|   201.8|-0.71|II| |c|
229.4640417|+10.0074722|3|153|15 17 51.37|+10 00 26.9|   229.5|-1.48|II| |c| 0.8129
229.4721667|+26.8109722|3|154|15 17 53.32|+26 48 39.5|   284.1|-0.67|II| |c| 0.9560
229.5212917|+19.7121944|3|155|15 18 05.11|+19 42 43.9|   423.2|-1.00|II| |p| 0.7581
229.5585833|+15.8257222|3|156|15 18 14.06|+15 49 32.6|   219.3|-0.93|II| |c| 1.1964
229.5965000|+22.9764444|3|157|15 18 23.16|+22 58 35.2|   244.1|-1.03|C | | |
229.6339167|+11.3126111|3|158|15 18 32.14|+11 18 45.4|   405.5|-1.11|C | | |
229.6498750|+10.5368333|3|159|15 18 35.97|+10 32 12.6|   409.1|-0.72|C | | |
229.6667500|+24.4514444|3|160|15 18 40.02|+24 27 05.2|   291.3|-1.20|I | |p| 1.8470
229.7626250|+28.8293056|3|161|15 19 03.03|+28 49 45.5|   214.9|-0.97|C | | |
230.1243333|+15.4370000|3|163|15 20 29.84|+15 26 13.2|   556.9|-0.78|II| |p|
230.3063750|+22.7128333|3|164|15 21 13.53|+22 42 46.2|   261.8|-1.10|II| |c| 0.4837
230.3186250|+15.2027500|3|165|15 21 16.47|+15 12 09.9|   347.0|-0.75|U | | | 0.2193
230.5506250|+10.6919444|3|166|15 22 12.15|+10 41 31.0|   499.4|-0.82|II| |c| 0.2040
230.5712083|+10.2168056|3|167|15 22 17.09|+10 13 00.5|   333.4|-0.71|II| |c| 0.2510
230.5819167|+21.3325556|3|168|15 22 19.66|+21 19 57.2|   298.0|-1.04|C | | |
230.6006667|+21.9691111|3|169|15 22 24.16|+21 58 08.8|   333.6|-0.83|II| |c|
230.8405833|+13.5415000|3|170|15 23 21.74|+13 32 29.4|   351.2|-1.04|C | | | 0.9617
230.8552917|+27.0826944|3|171|15 23 25.27|+27 04 57.7|   347.5|-1.03|II| |c| 0.3758
230.8648333|+11.5066389|3|172|15 23 27.56|+11 30 23.9|   407.2|-0.57|I | |p| 0.2030
230.8683333|+28.6011389|3|173|15 23 28.40|+28 36 04.1|   835.6|     |I |w|c| 0.0822
230.9872083|+10.9289167|3|174|15 23 56.93|+10 55 44.1|  1060.2|-0.78|U | | | 0.4110
230.9937083|+16.2465556|3|175|15 23 58.49|+16 14 47.6|   234.8|-0.59|C | | | 0.7961
231.0219167|+29.0065556|3|176|15 24 05.26|+29 00 23.6|   279.1|-0.54|C | | |
231.0529583|+19.3999167|3|177|15 24 12.71|+19 23 59.7|   263.9|-0.89|II| |c| 1.2349
231.1733333|+15.3560278|3|178|15 24 41.60|+15 21 21.7|   445.0|-0.28|C | | | 0.6280
231.2267500|+27.9521389|3|179|15 24 54.42|+27 57 07.7|   209.6|-0.89|II| |c|
231.2620000|+11.1291667|3|180|15 25 02.88|+11 07 45.0|   407.7|-0.52|C*| | | 0.3326
231.2866667|+12.8883611|3|181|15 25 08.80|+12 53 18.1|   219.7|     |II| |c| 0.2570
231.3869583|+15.9365000|3|182|15 25 32.87|+15 56 11.4|   485.7|-0.95|C | | |
231.5385000|+17.0407500|3|183|15 26 09.24|+17 02 26.7|   317.1|-0.47|C | | |
231.6325417|+14.7497778|3|184|15 26 31.81|+14 44 59.2|   231.0|-0.75|II| |c| 0.6677
231.6411250|+12.8854444|3|185|15 26 33.87|+12 53 07.6|   234.4|-1.02|II| |c|
231.8153333|+20.8897222|3|186|15 27 15.68|+20 53 23.0|   217.9|-0.82|II| |c|
231.8853333|+11.9089444|3|187|15 27 32.48|+11 54 32.2|   479.8|-1.04|II| |c|
231.9167083|+15.3660833|3|188|15 27 40.01|+15 21 57.9|   308.0|-0.64|C | | |
231.9358750|+28.9185000|3|189|15 27 44.61|+28 55 06.6|   212.8|-0.49|I | |c| 0.0652
231.9908333|+22.5503611|3|190|15 27 57.80|+22 33 01.3|   335.4|-0.75|II| |p| 0.2530
232.0266250|+13.3923056|3|191|15 28 06.39|+13 23 32.3|   225.0|-0.89|II| |c| 0.6760
232.2896250|+17.2241111|3|192|15 29 09.51|+17 13 26.8|   409.4|-0.94|II| |c| 0.7970
232.4424583|+15.6623611|3|193|15 29 46.19|+15 39 44.5|   536.8|-0.83|II| |c| 0.3523
232.4656667|+19.0762778|3|194|15 29 51.76|+19 04 34.6|   604.8|-0.66|C | | |
232.5195417|+29.0025833|3|195|15 30 04.69|+29 00 09.3|   258.3|     |II| |c| 0.0839
232.5212917|+23.2728333|3|196|15 30 05.11|+23 16 22.2|   277.6|-0.40|II| |c| 0.1049
232.7042500|+27.3576389|3|197|15 30 49.02|+27 21 27.5|   209.6|-0.56|C | | |
232.9521667|+10.9277500|3|199|15 31 48.52|+10 55 39.9|   200.5|-0.77|II| |c|
232.9572083|+22.4183056|3|200|15 31 49.73|+22 25 05.9|   304.8|-0.68|C | | |
233.1187500|+24.2583056|3|201|15 32 28.50|+24 15 29.9|   328.5|     |II| |c| 0.5640
233.1417917|+20.1107778|3|202|15 32 34.03|+20 06 38.8|   577.7|-0.88|II| |c|
233.1845833|+28.0628889|3|203|15 32 44.30|+28 03 46.4|   381.0|-0.43|I | |c| 0.0732
233.2111250|+22.6931111|3|204|15 32 50.67|+22 41 35.2|   222.9|-0.61|C | | |
233.2421667|+15.9349444|3|205|15 32 58.12|+15 56 05.8|   284.5|-0.88|II| |c|
233.3103750|+15.2783889|3|206|15 33 14.49|+15 16 42.2|   947.5|-0.69|C | | |
233.3128333|+13.5400833|3|207|15 33 15.08|+13 32 24.3|  1113.1|-0.85|II| |c| 0.7710
233.5742917|+10.2856667|3|208|15 34 17.83|+10 17 08.4|   336.5|-0.96|I | |c| 0.1411
233.5944167|+13.8214167|3|209|15 34 22.66|+13 49 17.1|   809.0|-0.64|II| |p| 0.2095
233.6925833|+19.3028333|3|210|15 34 46.22|+19 18 10.2|   674.7|-0.76|C | | |
233.7385833|+23.5030833|3|211|15 34 57.26|+23 30 11.1|   326.3|-0.21|C | | | 0.0181
233.8311250|+27.8824444|3|212|15 35 19.47|+27 52 56.8|   302.7|-0.92|II| |p| 0.5337
233.9564583|+14.0641389|3|213|15 35 49.55|+14 03 50.9|   299.1|-0.69|I | |p|
234.0497083|+13.2098611|3|214|15 36 11.93|+13 12 35.5|   210.3|-0.73|C | | |
234.1417500|+17.2687222|3|215|15 36 34.02|+17 16 07.4|   368.7|-1.04|C | | |
234.2823333|+26.8079167|3|216|15 37 07.76|+26 48 28.5|   263.1|     |I |w|c| 0.2626
234.2833750|+14.4130833|3|217|15 37 08.01|+14 24 47.1|   204.8|-0.98|II| |c|
234.4405000|+23.0400556|3|219|15 37 45.72|+23 02 24.2|   200.2|     |C | | |
234.6424167|+23.3102222|3|220|15 38 34.18|+23 18 36.8|   259.6|-0.29|C | | |
234.8185833|+14.2729444|3|221|15 39 16.46|+14 16 22.6|   203.7|-0.90|II| |c| 0.7339
234.8546250|+16.0667500|3|222|15 39 25.11|+16 04 00.3|   412.5|-0.31|C*| | |
235.0375833|+14.3538889|3|223|15 40 09.02|+14 21 14.0|   569.3|-0.77|II| |p| 0.7503
235.2696667|+18.0974722|3|225|15 41 04.72|+18 05 50.9|   276.6|-0.89|U | | | 0.6149
235.2932917|+15.7340556|3|226|15 41 10.39|+15 44 02.6|   217.9|-1.42|C | | |
235.5814167|+17.9356111|3|227|15 42 19.54|+17 56 08.2|   529.8|-0.81|II| |c| 1.6671
235.5853750|+24.0319722|3|228|15 42 20.49|+24 01 55.1|   273.4|-0.81|II| |c| 0.5462
235.7340417|+10.9096389|3|229|15 42 56.17|+10 54 34.7|   303.0|-0.92|II| |c| 0.9920
235.8492917|+21.7596667|3|230|15 43 23.83|+21 45 34.8|   208.1|-0.83|II| |c|
235.8688750|+22.8757778|3|231|15 43 28.53|+22 52 32.8|   219.1|-0.57|II| |c| 0.2201
235.9225417|+13.5190278|3|232|15 43 41.41|+13 31 08.5|   303.0|-0.80|II| |c| 0.6047
235.9325417|+18.7890000|3|233|15 43 43.81|+18 47 20.4|   356.2|-0.49|C | | | 1.3960
236.0728750|+14.1705000|3|234|15 44 17.49|+14 10 13.8|   217.8|-1.06|II| |c|
236.2603333|+13.7631389|3|235|15 45 02.48|+13 45 47.3|   231.7|-0.97|C | | |
236.4793750|+19.1081389|3|236|15 45 55.05|+19 06 29.3|   927.7|-0.72|U | | | 1.2473
236.4794167|+23.1994167|3|237|15 45 55.06|+23 11 57.9|   228.2|-0.49|C | | | 0.7433
236.5106667|+17.9106667|3|238|15 46 02.56|+17 54 38.4|   229.9|-0.93|II| |c|
236.5249583|+27.8214722|3|239|15 46 05.99|+27 49 17.3|   217.1|-0.88|II| |p| 0.8172
236.6311250|+21.9614722|3|240|15 46 31.47|+21 57 41.3|   427.2|-0.69|II| |c| 0.7343
236.7813333|+11.7138333|3|241|15 47 07.52|+11 42 49.8|   367.1|-0.65|II| |c| 0.7764
236.8040000|+18.0696667|3|242|15 47 12.96|+18 04 10.8|   419.9|-0.94|II| |c| 0.5368
236.8375000|+27.8061111|3|243|15 47 21.00|+27 48 22.0|   274.0|-0.81|II| |c| 0.5741
236.8752917|+14.9488056|3|244|15 47 30.07|+14 56 55.7|   203.7|     |I | |c| 0.0947
237.2700417|+26.7373611|3|246|15 49 04.81|+26 44 14.5|   260.8|-0.64|II| |c| 0.5947
237.0310833|+14.8548889|3|247|15 48 07.46|+14 51 17.6|   398.6|-1.00|II| |p|
237.4026667|+18.5833611|3|248|15 49 36.64|+18 35 00.1|   584.6|-0.88|II| |c| 1.4420
237.5500000|+27.2995000|3|250|15 50 12.00|+27 17 58.2|   282.8|-0.61|II| |p|
237.6620000|+18.6503333|3|251|15 50 38.88|+18 39 01.2|   214.5|-0.94|II| |p|
237.6812917|+11.3495833|3|252|15 50 43.51|+11 20 58.5|   828.3|-0.74|I | |p| 0.4360
237.7985833|+26.1039722|3|253|15 51 11.66|+26 06 14.3|   455.3|-0.88|II| |c| 0.6965
237.9033750|+10.6063056|3|255|15 51 36.81|+10 36 22.7|   530.7|-0.66|II| |c| 0.3984
237.9390000|+12.7236389|3|256|15 51 45.36|+12 43 25.1|   250.1|-0.93|C | | |
238.0439167|+18.7021667|3|257|15 52 10.54|+18 42 07.8|   274.7|-0.81|U | | | 0.5555
238.0457083|+22.7522222|3|258|15 52 10.97|+22 45 08.0|   545.5|-0.68|C | |c| 1.2960
238.1000417|+11.2125556|3|259|15 52 24.01|+11 12 45.2|   211.9|-0.72|C | | |
238.2723750|+14.0212778|3|261|15 53 05.37|+14 01 16.6|   303.3|-0.94|II| |c| 0.6776
238.2913750|+21.0121389|3|262|15 53 09.93|+21 00 43.7|   244.9|-0.84|II| |c|
238.3312500|+17.8286389|3|263|15 53 19.50|+17 49 43.1|   383.7|-0.91|II| |c| 0.6901
238.3653333|+27.5155000|3|264|15 53 27.68|+27 30 55.8|   228.5|-0.64|C | | |
238.3865417|+12.9474444|3|265|15 53 32.77|+12 56 50.8|   947.7|-0.33|C*| | | 1.2900
238.4317083|+23.8013056|3|266|15 53 43.61|+23 48 04.7|   732.1|     |I | |c| 0.1150
238.4602083|+25.0236944|3|267|15 53 50.45|+25 01 25.3|   367.8|-0.70|U | | |
238.4765417|+21.9909722|3|268|15 53 54.37|+21 59 27.5|   530.0|-0.72|II| |c| 0.7454
238.6418333|+25.3220556|3|269|15 54 34.04|+25 19 19.4|   394.6|-0.79|C | | |
238.6635833|+19.7885278|3|270|15 54 39.26|+19 47 18.7|  1094.5|-0.78|C | | | 1.3400
238.7273750|+14.9946667|3|271|15 54 54.57|+14 59 40.8|   277.7|-0.87|II| |c| 0.6063
238.7523750|+21.6998611|3|272|15 55 00.57|+21 41 59.5|   233.6|-0.40|C | | | 0.8645
238.8806250|+27.7613056|3|273|15 55 31.35|+27 45 40.7|   218.6|-0.73|I | |p| 0.6732
238.8868750|+20.1610278|3|274|15 55 32.85|+20 09 39.7|   212.6|     |C | | |
238.9295417|+11.1901389|3|275|15 55 43.09|+11 11 24.5|   312.0|-0.28|C*| | | 0.3600
238.9625000|+24.1041667|3|276|15 55 51.00|+24 06 15.0|   481.9|-0.98|II| |c| 0.5864
238.9678750|+13.3104167|3|277|15 55 52.29|+13 18 37.5|   202.9|-0.69|U | | | 1.5481
239.1272917|+22.1249167|3|279|15 56 30.55|+22 07 29.7|   343.4|-0.87|U | | |
239.1574167|+20.0143611|3|280|15 56 37.78|+20 00 51.7|   289.9|     |C | | | 0.3036
239.1802917|+14.3091111|3|281|15 56 43.27|+14 18 32.8|   271.0|     |II| |c|
239.1961250|+10.6321389|3|282|15 56 47.07|+10 37 55.7|   415.5|-0.74|I | |p| 0.1790
239.4117083|+10.2078056|3|283|15 57 38.81|+10 12 28.1|   267.7|-0.89|C | | |
239.7787083|+12.1741389|3|284|15 59 06.89|+12 10 26.9|   688.8|-0.76|II| |c| 0.2853
239.8200417|+11.2626944|3|285|15 59 16.81|+11 15 45.7|   667.7|-0.76|II| |c| 0.8753
239.8540833|+16.4114722|3|286|15 59 24.98|+16 24 41.3|   321.3|     |C | | |
239.9760417|+16.3106667|3|287|15 59 54.25|+16 18 38.4|   987.1|-0.55|C | | |
212.0771250| +0.2193056|4|  1|14 08 18.51|+00 13 09.5|   113.8|-0.93|C | | | 1.2377
212.1172500| +2.4301944|4|  2|14 08 28.14|+02 25 48.7|   243.7|-0.64|I | |p| 0.1782
212.1345417| +0.5260833|4|  3|14 08 32.29|+00 31 33.9|    61.2|     |II| |c| 1.6734
212.1362500| -1.5220833|4|  4|14 08 32.70|-01 31 19.5|    73.3|     |C | | |
212.1387917| +1.2728056|4|  5|14 08 33.31|+01 16 22.1|   601.3|-0.60|U | | |
212.1571250| +2.8081667|4|  6|14 08 37.71|+02 48 29.4|    77.0|     |II| |c|
212.1951250| +1.5657222|4|  7|14 08 46.83|+01 33 56.6|   173.6|-1.07|U | | |
212.2184583| +2.7135000|4|  8|14 08 52.43|+02 42 48.6|    58.3|     |U | | | 1.1929
212.3121667| -3.2843611|4|  9|14 09 14.92|-03 17 03.7|   147.4|-0.77|C | | | 0.5862
212.3480417| -0.0767778|4| 10|14 09 23.53|-00 04 36.4|    68.9|     |C | | |
212.3706250| -1.9556389|4| 11|14 09 28.95|-01 57 20.3|    90.3|     |II| |p| 0.6377
212.3809583| -1.0147778|4| 12|14 09 31.43|-01 00 53.2|    69.8|-1.11|II| |c|
212.4510417| -2.5155278|4| 13|14 09 48.25|-02 30 55.9|    87.5|-1.02|C | | |
212.4667500| -3.0528611|4| 14|14 09 52.02|-03 03 10.3|   163.6|     |II| |c| 0.1380
212.4844583| -2.7680833|4| 15|14 09 56.27|-02 46 05.1|    73.0|     |II| |p| 1.2640
212.4875000| -1.3513056|4| 16|14 09 57.00|-01 21 04.7|    71.4|     |I | |p| 0.2498
212.4936667| -1.1539167|4| 17|14 09 58.48|-01 09 14.1|   150.2|-1.17|II| |p|
212.4995417| +1.2472222|4| 19|14 09 59.89|+01 14 50.0|    53.6|     |C | | |
212.5194167| +2.0519722|4| 20|14 10 04.66|+02 03 07.1|   333.5|-0.63|C*| | | 1.0586
212.5800417| -1.1341944|4| 21|14 10 19.21|-01 08 03.1|    54.0|     |C | | | 0.7824
212.6077083| -0.6976389|4| 22|14 10 25.85|-00 41 51.5|    66.3|     |C | | |
212.6472083| -0.6981389|4| 23|14 10 35.33|-00 41 53.3|   178.7|-1.21|U | | |
212.7681250| -3.0120278|4| 24|14 11 04.35|-03 00 43.3|   277.3|-0.65|I | |p| 1.5305
212.7827083| +0.6021667|4| 25|14 11 07.85|+00 36 07.8|   242.0|     |C*| | | 1.7246
212.7845417| +1.4114167|4| 26|14 11 08.29|+01 24 41.1|   187.5|-1.27|II| |c|
212.7928333| -0.5997500|4| 27|14 11 10.28|-00 35 59.1|   103.3|-1.09|II| |c|
212.8108750| +2.2895833|4| 28|14 11 14.61|+02 17 22.5|    86.5|     |U | | | 0.1667
212.8480417| +0.7111389|4| 29|14 11 23.53|+00 42 40.1|   426.5|-0.34|II| |c| 2.2663
212.8971667| -3.3387778|4| 30|14 11 35.32|-03 20 19.6|   348.2|-0.89|II| |c|
213.0097500| +2.9110000|4| 31|14 12 02.34|+02 54 39.6|   644.3|-0.82|C | | | 0.9250
213.0219583| -3.3247500|4| 32|14 12 05.27|-03 19 29.1|   360.2|-0.90|II| |c|
213.1925833| +2.4906111|4| 33|14 12 46.22|+02 29 26.2|   120.9|-1.00|II| |c|
213.2148333| -2.1429167|4| 34|14 12 51.56|-02 08 34.5|   388.2|-0.85|C | | |
213.2165833| -0.7521389|4| 35|14 12 51.98|-00 45 07.7|    61.8|     |II| |c| 0.8161
213.3118333| -3.2075000|4| 36|14 13 14.84|-03 12 27.0|   338.8|-0.34|I | |p| 0.0061
213.3122500| -0.3823889|4| 37|14 13 14.94|-00 22 56.6|   233.4|-1.06|II| |c| 2.3630
213.3601250| -1.7796389|4| 38|14 13 26.43|-01 46 46.7|    84.3|-0.93|II| |p|
213.3641250| +2.6246667|4| 39|14 13 27.39|+02 37 28.8|    55.9|-1.32|II| |c| 1.3513
213.3722917| -2.1586111|4| 40|14 13 29.35|-02 09 31.0|   115.6|     |C | | |
213.4119583| -2.5541944|4| 41|14 13 38.87|-02 33 15.1|    59.1|     |II| |p| 0.4832
213.4248750| +1.1907222|4| 42|14 13 41.97|+01 11 26.6|   195.4|-0.40|C | | | 0.7255
213.4673333| +1.7113889|4| 43|14 13 52.16|+01 42 41.0|   140.8|-0.71|II| |c| 0.4764
213.5390417| +1.8196667|4| 44|14 14 09.37|+01 49 10.8|    55.3|     |II| |c| 0.2532
213.5960000| -0.0272222|4| 45|14 14 23.04|-00 01 38.0|   152.6|-0.75|II| |c|
213.6491667| +2.9384167|4| 46|14 14 35.80|+02 56 18.3|   135.9|-0.73|II| |c|
213.7389167| +0.2049722|4| 47|14 14 57.34|+00 12 17.9|   110.4|     |I |w|c| 0.1271
213.7917083| +0.6059167|4| 48|14 15 10.01|+00 36 21.3|    68.8|     |II| |c|
213.7975417| -1.6174444|4| 49|14 15 11.41|-01 37 02.8|   113.7|     |I | |p| 0.1500
213.8696667| +1.0983889|4| 50|14 15 28.72|+01 05 54.2|   107.2|     |I | |p| 0.1647
213.8769583| +2.3836944|4| 51|14 15 30.47|+02 23 01.3|   153.9|-0.79|II| |p|
213.9748333| +2.1755278|4| 52|14 15 53.96|+02 10 31.9|    86.5|     |C | | | 0.5991
214.0171250| +0.4876111|4| 53|14 16 04.11|+00 29 15.4|   107.2|-1.11|II| |c| 0.9250
214.0392500| -1.4204444|4| 54|14 16 09.42|-01 25 13.6|   114.2|-0.67|II| |p| 0.6789
214.0572500| +2.3229167|4| 55|14 16 13.74|+02 19 22.5|   256.2|     |I |w|c| 0.1583
214.1793333| -2.9364722|4| 56|14 16 43.04|-02 56 11.3|    93.6|     |C | | | 0.1330
214.2346250| +2.3759167|4| 57|14 16 56.31|+02 22 33.3|    60.9|     |C | | |
214.2495417| -0.9588611|4| 58|14 16 59.89|-00 57 31.9|    69.9|-1.50|U | | |
214.4135000| +0.6677778|4| 59|14 17 39.24|+00 40 04.0|   145.5|-0.53|II| |c|
214.6022083| -1.3336111|4| 60|14 18 24.53|-01 20 01.0|   200.0|-0.96|U | | |
214.6028750| +1.1242500|4| 61|14 18 24.69|+01 07 27.3|   131.2|-0.79|II| |c|
214.6172500| +1.4650833|4| 62|14 18 28.14|+01 27 54.3|   240.7|-1.11|II| |c| 0.5745
214.6601667| -2.5183056|4| 63|14 18 38.44|-02 31 05.9|   105.9|-0.66|II| |c| 1.3311
214.6718750| +0.3997778|4| 64|14 18 41.25|+00 23 59.2|    52.4|-1.23|II| |c| 0.7936
214.7466667| -3.3810556|4| 65|14 18 59.20|-03 22 51.8|   290.3|-1.08|C | | |
214.7839167| +1.1487500|4| 66|14 19 08.14|+01 08 55.5|    57.1|     |C | | |
214.7873750| -3.2425000|4| 67|14 19 08.97|-03 14 33.0|   145.5|     |II| |c| 0.8488
214.8055417| -0.2313611|4| 68|14 19 13.33|-00 13 52.9|   436.1|-0.98|II| |c|
214.8529583| +0.2833056|4| 69|14 19 24.71|+00 16 59.9|   178.5|-1.14|C | | |
214.8534167| -1.8255556|4| 70|14 19 24.82|-01 49 32.0|   502.7|-0.79|II| |p| 0.5877
214.8847917| +0.5216944|4| 71|14 19 32.35|+00 31 18.1|    70.2|     |II| |c| 0.7300
215.1391250| -0.5430000|4| 72|14 20 33.39|-00 32 34.8|    77.0|     |II| |c| 2.6770
215.1423750| -0.9166111|4| 73|14 20 34.17|-00 54 59.8|   203.4|-0.64|C | | |
215.2319167| -0.1608056|4| 74|14 20 55.66|-00 09 38.9|    53.6|     |C | | | 2.1934
215.2961250| +2.8091111|4| 75|14 21 11.07|+02 48 32.8|   332.7|-0.79|II| |c|
215.3065000| -2.7794444|4| 76|14 21 13.56|-02 46 46.0|   527.9|-0.87|II| |c| 0.5692
215.4276667| +1.4118056|4| 77|14 21 42.64|+01 24 42.5|    64.9|-0.85|U | | |
215.6484583| -1.8701111|4| 78|14 22 35.63|-01 52 12.4|   113.1|     |II| |c| 0.6662
215.7642917| +1.6663056|4| 79|14 23 03.43|+01 39 58.7|   210.4|-0.47|C | | |
215.8015417| +2.3431667|4| 80|14 23 12.37|+02 20 35.4|   170.8|     |II| |c| 0.6415
215.8612500| -0.8323611|4| 81|14 23 26.70|-00 49 56.5|   492.9|-0.89|II| |c| 0.8198
215.8714167| -2.7560556|4| 82|14 23 29.14|-02 45 21.8|    58.0|     |II| |p|
215.9361667| +1.3435556|4| 83|14 23 44.68|+01 20 36.8|    53.2|-0.89|U | | |
215.9874167| +0.5208333|4| 84|14 23 56.98|+00 31 15.0|    51.4|     |II| |p|
216.0141667| +0.4996389|4| 85|14 24 03.40|+00 29 58.7|    95.5|     |I | |p| 0.1250
216.0785417| +0.9200556|4| 86|14 24 18.85|+00 55 12.2|    72.7|-0.53|C | | | 0.6391
216.0825417| +0.4261667|4| 87|14 24 19.81|+00 25 34.2|   157.4|-0.71|II| |c| 1.2031
216.1645417| -1.7426111|4| 88|14 24 39.49|-01 44 33.4|    67.0|     |II| |c| 0.9953
216.1693750| -3.3916111|4| 89|14 24 40.65|-03 23 29.8|   550.7|-0.81|II| |c|
216.2559167| -2.6435278|4| 90|14 25 01.42|-02 38 36.7|   178.1|-0.87|II| |p| 0.6320
216.2880833| -2.4543889|4| 91|14 25 09.14|-02 27 15.8|    52.7|     |C | | | 1.6906
216.2882917| -1.2671944|4| 92|14 25 09.19|-01 16 01.9|   149.9|-0.79|II| |c| 0.4786
216.4405000| +0.3783333|4| 93|14 25 45.72|+00 22 42.0|    70.3|     |C | | | 0.3263
216.4591667| -0.3876944|4| 94|14 25 50.20|-00 23 15.7|   157.4|-0.75|II| |c| 0.6949
216.4831250| +2.7824444|4| 95|14 25 55.95|+02 46 56.8|   290.9|-0.88|II| |p|
216.4958333| +1.6400000|4| 96|14 25 59.00|+01 38 24.0|    97.4|-1.35|II| |c| 0.8002
216.5540000| +2.0110000|4| 97|14 26 12.96|+02 00 39.6|    66.8|     |C | | |
216.5646250| +0.8393611|4| 98|14 26 15.51|+00 50 21.7|    96.7|     |I |w|c| 0.1250
216.5989583| -3.3580000|4| 99|14 26 23.75|-03 21 28.8|   118.3|-0.72|C | | |
216.6267500| +1.7100278|4|100|14 26 30.42|+01 42 36.1|    90.8|-1.05|II| |c|
216.7066667| -0.7884167|4|101|14 26 49.60|-00 47 18.3|    87.7|     |C | | | 1.8200
216.7076667| +0.9333056|4|102|14 26 49.84|+00 55 59.9|    57.9|     |II| |p|
216.7295417| -2.8224722|4|103|14 26 55.09|-02 49 20.9|    60.3|     |C | | | 2.2350
216.7311250| -2.2625278|4|104|14 26 55.47|-02 15 45.1|   167.1|     |C | | |
216.7966667| -1.8701944|4|105|14 27 11.20|-01 52 12.7|    52.0|-1.51|U | | |
216.9154167| +0.3623889|4|106|14 27 39.70|+00 21 44.6|   110.3|-1.28|II| |c|
216.9455000| +0.4798333|4|107|14 27 46.92|+00 28 47.4|    86.7|     |II| |c| 1.2610
216.9457083| +0.7091944|4|108|14 27 46.97|+00 42 33.1|   349.1|-0.98|C | | |
216.9702083| -1.4240000|4|109|14 27 52.85|-01 25 26.4|   317.3|-0.99|C | | |
217.0430833| +2.9614722|4|111|14 28 10.34|+02 57 41.3|    58.0|     |C | | |
217.1747083| -3.4521667|4|113|14 28 41.93|-03 27 07.8|    60.8|     |C | | |
217.1983750| +1.5867500|4|114|14 28 47.61|+01 35 12.3|    71.7|     |C | | |
217.2671250| +2.8610833|4|115|14 29 04.11|+02 51 39.9|   608.9|-0.42|U | | | 0.3011
217.3758333| -1.9289722|4|116|14 29 30.20|-01 55 44.3|   101.3|     |C | | |
217.4423750| -1.9509722|4|117|14 29 46.17|-01 57 03.5|   123.1|-1.19|C | | |
217.4527500| -1.2145278|4|118|14 29 48.66|-01 12 52.3|   675.1|-0.85|C | | | 1.4951
217.5039583| +0.7739722|4|119|14 30 00.95|+00 46 26.3|   120.7|-0.73|II| |c|
217.5968333| -1.9215833|4|120|14 30 23.24|-01 55 17.7|   117.6|     |II| |c| 0.4299
217.6263333| -0.6729722|4|121|14 30 30.32|-00 40 22.7|   146.1|-1.12|C | | | 0.5969
217.6272083| +1.0180278|4|122|14 30 30.53|+01 01 04.9|   171.4|-0.96|II| |c|
217.6310417| -0.1522222|4|123|14 30 31.45|-00 09 08.0|    53.0|     |C | | |
217.6521250| +0.5615000|4|124|14 30 36.51|+00 33 41.4|    64.7|-1.01|U | | |
217.7936667| -1.5604444|4|125|14 31 10.48|-01 33 37.6|   120.8|-0.71|II| |c| 1.3671
217.8045833| -0.8778611|4|126|14 31 13.10|-00 52 40.3|    76.0|     |C | | | 1.6364
217.8924583| -0.9212222|4|127|14 31 34.19|-00 55 16.4|    59.4|     |C | | |
217.9093750| -0.9262778|4|128|14 31 38.25|-00 55 34.6|    93.1|     |II| |c| 1.4774
217.9452500| -0.8369444|4|129|14 31 46.86|-00 50 13.0|    82.4|-1.10|II| |p| 0.4818
217.9734167| -1.3664167|4|130|14 31 53.62|-01 21 59.1|    72.2|-1.13|C | | |
218.0262500| +2.6192778|4|131|14 32 06.30|+02 37 09.4|    55.8|     |II| |c| 0.7386
218.1576667| -1.2992500|4|132|14 32 37.84|-01 17 57.3|    58.7|     |C | | |
218.1587083| -3.0550833|4|133|14 32 38.09|-03 03 18.3|    58.4|     |II| |c| 1.1568
218.1846250| -0.9871667|4|134|14 32 44.31|-00 59 13.8|   130.5|     |II| |c| 1.0270
218.2045417| +0.7845278|4|135|14 32 49.09|+00 47 04.3|    76.4|     |II| |c|
218.2257917| -1.9926667|4|136|14 32 54.19|-01 59 33.6|   169.3|-0.92|C | | |
218.2468750| +0.9153333|4|137|14 32 59.25|+00 54 55.2|   199.5|-0.60|II| |p| 0.4822
218.2560417| -0.4807778|4|138|14 33 01.45|-00 28 50.8|   168.7|-1.30|II| |c|
218.2867917| +0.7431944|4|139|14 33 08.83|+00 44 35.5|    70.1|     |C | | |
218.3090000| -0.3018611|4|140|14 33 14.16|-00 18 06.7|   201.2|     |C | | |
218.3533333| -2.3458611|4|141|14 33 24.80|-02 20 45.1|   256.0|     |C | | | 0.3735
218.4441250| +2.2988611|4|142|14 33 46.59|+02 17 55.9|   170.8|     |II| |c| 0.3509
218.4445417| -2.3895833|4|143|14 33 46.69|-02 23 22.5|    53.6|     |I | |c| 0.1916
218.4588750| +2.4735833|4|144|14 33 50.13|+02 28 24.9|    53.6|     |C | | |
218.4670417| +0.6250833|4|145|14 33 52.09|+00 37 30.3|   275.2|-0.72|II| |c| 0.5031
218.5440000| +1.6130278|4|146|14 34 10.56|+01 36 46.9|   475.4|     |I |w|c| 0.1379
218.5134167| +1.0643056|4|147|14 34 03.22|+01 03 51.5|    64.9|-0.89|C | | |
218.5217500| -0.3845278|4|148|14 34 05.22|-00 23 04.3|   156.6|-0.87|II| |c|
218.5422500| -1.3902222|4|149|14 34 10.14|-01 23 24.8|   122.2|-1.07|II| |c| 1.0202
218.7052917| -2.2525556|4|150|14 34 49.27|-02 15 09.2|   112.5|-0.90|II| |c| 0.2905
218.7201667| +2.6008333|4|151|14 34 52.84|+02 36 03.0|   322.1|-0.81|II| |c|
218.8387500| -2.6810278|4|152|14 35 21.30|-02 40 51.7|    62.9|     |I |w|c| 0.4999
218.8466667| +2.4285556|4|153|14 35 23.20|+02 25 42.8|    71.5|     |II| |c| 1.0272
218.9235417| -1.7905278|4|154|14 35 41.65|-01 47 25.9|   132.2|-0.95|II| |c| 1.4496
219.0376667| +1.8136667|4|155|14 36 09.04|+01 48 49.2|    52.7|     |C | | |
219.1260833| +0.5888333|4|156|14 36 30.26|+00 35 19.8|   123.0|-0.43|C | | |
219.1542500| -2.2419722|4|157|14 36 37.02|-02 14 31.1|    59.8|     |C | | |
219.2926250| -3.0827222|4|158|14 37 10.23|-03 04 57.8|    50.0|     |C | | |
219.3378750| -0.5550278|4|159|14 37 21.09|-00 33 18.1|   365.0|-0.63|C | | |
219.3449583| -3.0520278|4|160|14 37 22.79|-03 03 07.3|   120.0|-1.09|II| |p|
219.3825833| +1.3162222|4|161|14 37 31.82|+01 18 58.4|   108.8|-1.06|C | | | 0.3419
219.3827500| +1.7236667|4|162|14 37 31.86|+01 43 25.2|   370.3|-2.35|II| |c|
219.4030833| +1.7508889|4|163|14 37 36.74|+01 45 03.2|   276.7|     |II| |c|
219.4061667| +2.9361111|4|164|14 37 37.48|+02 56 10.0|   195.4|-1.15|II| |c|
219.4283333| -0.2511667|4|166|14 37 42.80|-00 15 04.2|    67.0|     |I |w|c| 0.1375
219.4512500| -1.7859444|4|167|14 37 48.30|-01 47 09.4|    52.1|     |C | | | 1.3079
219.4861667| -0.6878056|4|168|14 37 56.68|-00 41 16.1|    61.6|     |II| |c|
219.4865000| +1.9439722|4|169|14 37 56.76|+01 56 38.3|    86.7|     |II| |p| 1.1832
219.5025417| +2.6175556|4|170|14 38 00.61|+02 37 03.2|    56.9|-1.11|U | | | 1.0353
219.5035000| +0.3899444|4|171|14 38 00.84|+00 23 23.8|   111.9|-1.10|C | | |
219.5252083| +1.4083889|4|172|14 38 06.05|+01 24 30.2|    75.2|     |C | | | 0.4981
219.5433750| -1.7014722|4|173|14 38 10.41|-01 42 05.3|    58.1|     |C | | |
219.5591250| +1.2251111|4|174|14 38 14.19|+01 13 30.4|    75.1|     |C | | | 0.6674
219.5715417| +1.8421389|4|175|14 38 17.17|+01 50 31.7|   115.8|-0.95|II| |c|
219.5857083| -1.3351667|4|176|14 38 20.57|-01 20 06.6|    57.3|     |I | |p| 0.2924
219.5873333| -2.6646944|4|177|14 38 20.96|-02 39 52.9|   322.6|-0.75|II| |c| 1.5495
219.6080417| -1.0004167|4|178|14 38 25.93|-01 00 01.5|   100.0|     |I | |c| 0.2175
219.6401250| -0.0906667|4|179|14 38 33.63|-00 05 26.4|   506.3|-0.90|II| |c| 0.7037
219.6401667| +0.2249444|4|180|14 38 33.64|+00 13 29.8|    82.1|     |II| |c| 0.8937
219.6744167| -0.7569444|4|181|14 38 41.86|-00 45 25.0|   111.9|     |C | | |
219.6807500| +0.9659722|4|182|14 38 43.38|+00 57 57.5|    67.3|-1.36|II| |p| 0.7700
219.6808750| -0.8141667|4|183|14 38 43.41|-00 48 51.0|    57.2|     |II| |p| 1.3724
219.7036250| +0.6831111|4|184|14 38 48.87|+00 40 59.2|   164.8|     |I |w|c| 0.1503
219.7046250| -0.8545833|4|185|14 38 49.11|-00 51 16.5|   133.5|     |II| |c|
219.7247083| -2.7022778|4|186|14 38 53.93|-02 42 08.2|   146.9|-1.01|C | | |
219.9145833| +0.7264444|4|187|14 39 39.50|+00 43 35.2|   122.3|-0.86|II| |c|
219.9306667| -0.3165278|4|188|14 39 43.36|-00 18 59.5|   133.2|-0.80|II| |c| 0.8901